ExportID,chip,in_subset,assay,antigen,ag_score,igg2_score,affinity,log1p_affinity,z,percentile
P1-A1,P1,False,A1,BtkY72 Cy5,12.361184,0.0,487.4706796330912,6.19127944845957,2.4054513026025055,98.95833333333334
P1-A2,P1,False,A1,BtkY72 Cy5,2.080748,0.05936065,24.560742081565465,3.241057662012983,0.4515773478030371,67.70833333333334
P1-A3,P1,False,A1,BtkY72 Cy5,1.9114622,0.0,75.37965438642154,4.33571635686466,1.1765483052718286,88.54166666666666
P1-A4,P1,False,A1,BtkY72 Cy5,4.697069,0.08327249,43.23903581588524,3.7896075625797705,0.8148711749143259,78.125
P1-A5,P1,False,A1,BtkY72 Cy5,9.36855,0.0904127,80.92346495868983,4.405785457255718,1.2229536944935027,89.58333333333334
P1-A6,P1,False,A1,BtkY72 Cy5,6.0807447,0.12454996,40.56324168942288,3.7272161634158967,0.7735505764461614,77.08333333333334
P1-A7,P1,False,A1,BtkY72 Cy5,8.869753,0.15239055,49.90062073712639,3.929875118710532,0.9077676228648941,82.8125
P1-A8,P1,False,A1,BtkY72 Cy5,9.219018,0.17577621,45.83520211226337,3.8466351020625518,0.8526393944473769,80.72916666666666
P1-A9,P1,False,A1,BtkY72 Cy5,7.116187,0.14271648,42.33953582903939,3.7690652860609988,0.8012664285706078,77.60416666666666
P1-A10,P1,False,A1,BtkY72 Cy5,7.723237,0.09431464,64.53647138806562,4.182606802762179,1.0751468542466436,83.85416666666666
P1-A11,P1,False,A1,BtkY72 Cy5,14.6583605,0.07667574,143.6621771625291,4.974401211512009,1.5995367424643396,93.75
P1-A12,P1,False,A1,BtkY72 Cy5,6.416418,0.1114258,46.9092639760907,3.8693088881406372,0.8676557977151548,81.25
P1-B3,P1,False,A1,BtkY72 Cy5,5.021228,0.08645002,44.909452666190965,3.8266710363035683,0.8394175857353736,79.6875
P1-B4,P1,False,A1,BtkY72 Cy5,10.147986,1.0388168,9.536015988353789,2.3547994819373406,-0.1353740411511663,49.47916666666667
P1-B5,P1,True,A1,BtkY72 Cy5,7.6303563,0.08908669,66.67298967385848,4.214687129464147,1.0963930246506417,84.89583333333334
P1-B6,P1,False,A1,BtkY72 Cy5,14.415993,0.07945932,137.53471761101622,4.931120962886848,1.570873083706738,93.22916666666666
P1-B7,P1,False,A1,BtkY72 Cy5,4.1551876,0.34715337,11.15453155404709,2.4977020676627846,-0.04073246484488324,52.083333333333336
P1-B8,P1,False,A1,BtkY72 Cy5,4.4269433,0.10689977,33.47213547020409,3.5401513301678507,0.6496612108325704,74.47916666666666
P1-B9,P1,False,A1,BtkY72 Cy5,4.2373176,0.16752075,21.968837903437166,3.134138423494208,0.3807668357362659,66.66666666666666
P1-B10,P1,False,A1,BtkY72 Cy5,6.2909565,0.10534553,48.13157017499095,3.894501805266663,0.8843405720070738,81.77083333333334
P1-B11,P1,False,A1,BtkY72 Cy5,5.79764,0.16472091,30.501259188890753,3.4500275192831382,0.589973980671137,72.39583333333334
P1-B12,P1,False,A1,BtkY72 Cy5,4.8330255,0.36290282,12.447890028095046,2.598822218507072,0.02623742533344763,53.125
P1-B1,P1,False,A1,BtkY72 Cy5,5.8260984,0.16645417,30.37400846255841,3.4459797941655865,0.5872932518121391,71.875
P1-B2,P1,False,A1,BtkY72 Cy5,5.6543407,0.12354451,37.97349215065905,3.662881726592096,0.7309431422918234,76.04166666666666
P1-C2,P1,False,A1,BtkY72 Cy5,4.6595073,0.75664353,5.958439098818412,1.9399551817834841,-0.41011727472477144,40.10416666666667
P1-C3,P1,False,A1,BtkY72 Cy5,5.7478185,1.4053172,4.017557097174411,1.6129431812298691,-0.6266909010615742,27.083333333333332
P1-C4,P1,False,A1,BtkY72 Cy5,23.948381,1.0927789,21.418115513067406,3.109869360278438,0.36469391174712124,66.14583333333334
P1-C5,P1,False,A1,BtkY72 Cy5,1.9906064,0.6727146,2.8515758537366613,1.3484823772129908,-0.8018380982681529,20.833333333333336
P1-C6,P1,False,A1,BtkY72 Cy5,2.9865785,0.31394264,8.802165125397421,2.282603292437833,-0.1831881597190988,47.39583333333333
P1-C7,P1,False,A1,BtkY72 Cy5,13.659145,1.6558977,8.124371935140138,2.2109490680739907,-0.23064334542040732,46.35416666666667
P1-C8,P1,False,A1,BtkY72 Cy5,13.2188635,1.232295,10.510741517849759,2.4432806444510016,-0.07677470474871605,51.041666666666664
P1-C9,P1,False,A1,BtkY72 Cy5,5.301225,0.9636453,5.36017025629141,1.8500551468508646,-0.4696563024674872,35.9375
P1-C10,P1,False,A1,BtkY72 Cy5,1.4416114,0.11919764,9.972723267972484,2.3954124903315384,-0.10847684322115843,50.0
P1-C11,P1,False,A1,BtkY72 Cy5,0.7159618,1.3365672,0.5256984048313967,0.4224522756041904,-1.415129649840965,8.854166666666668
P1-C12,P1,False,A1,BtkY72 Cy5,3.9310818,1.7955452,2.158863926304696,1.1502124459649083,-0.9331483802493965,17.1875
P1-C1,P1,False,A1,BtkY72 Cy5,9.636143,0.05945717,113.61370522208523,4.74156738894586,1.445335474004337,92.1875
P1-D1,P1,False,A1,BtkY72 Cy5,0.0,4.627255,0.0,0.0,-1.6949114961552976,3.90625
P1-D2,P1,False,A1,BtkY72 Cy5,0.0,2.2836819,0.0,0.0,-1.6949114961552976,3.90625
P1-D3,P1,False,A1,BtkY72 Cy5,2.295065,1.1948001,1.8809573744512904,1.0581226605924838,-0.9941376367076282,16.145833333333336
P1-D4,P1,False,A1,BtkY72 Cy5,2.2904446,1.8816534,1.2010651012432436,0.788941380136546,-1.172411112762426,12.5
P1-D5,P1,False,A1,BtkY72 Cy5,6.923974,1.6954744,4.02361950223851,1.6141506902783755,-0.6258911915309551,27.604166666666668
P1-D6,P1,True,A1,BtkY72 Cy5,3.7631538,2.201512,1.6898849676797447,0.9894984297550542,-1.0395861171972587,14.0625
P1-D7,P1,False,A1,BtkY72 Cy5,6.449363,1.5018187,4.223063280504905,1.6530840651197873,-0.6001063819195044,28.645833333333332
P1-D8,P1,False,A1,BtkY72 Cy5,6.3630114,2.1724796,2.8951238158018424,1.359725467213323,-0.7943920205447643,21.354166666666664
P1-D9,P1,False,A1,BtkY72 Cy5,0.47754458,0.1470321,2.7701424503407686,1.3271127859823535,-0.8159907588993197,20.3125
P1-D10,P1,False,A1,BtkY72 Cy5,7.2779837,1.73486,4.134706341453881,1.6360226541023795,-0.6114058193964385,28.125
P1-D11,P1,False,A1,BtkY72 Cy5,9.109592,0.9783539,9.075904963546803,2.310146926483477,-0.16494655177302914,48.4375
P1-D12,P1,False,A1,BtkY72 Cy5,4.8025656,1.3904797,3.392031642049317,1.4797919086551656,-0.714874374157497,23.4375
P1-E1,P1,False,A1,BtkY72 Cy5,8.647752,1.3196851,6.429350320350377,2.0054384148460485,-0.3667490153807466,42.1875
P1-E2,P1,False,A1,BtkY72 Cy5,0.0,0.1862003,0.0,0.0,-1.6949114961552976,3.90625
P1-E3,P1,False,A1,BtkY72 Cy5,9.540577,1.4076873,6.6575552995505864,2.0356927813181214,-0.346712142580095,43.22916666666667
P1-E4,P1,False,A1,BtkY72 Cy5,1.3932413,2.2200682,0.6204797218879624,0.48272223003024956,-1.3752140425632273,9.895833333333332
P1-E5,P1,False,A1,BtkY72 Cy5,8.103514,1.2740448,6.2363381449290625,1.9791152973600799,-0.3841822991769822,41.66666666666667
P1-E6,P1,True,A1,BtkY72 Cy5,8.138821,1.4582428,5.485857177464069,1.869623987516881,-0.4566962435734057,37.5
P1-E7,P1,False,A1,BtkY72 Cy5,8.129977,1.4324995,5.576661721280951,1.8835272794068236,-0.44748836637768713,38.02083333333333
P1-E8,P1,False,A1,BtkY72 Cy5,1.5288278,0.07287266,15.563683606897493,2.80721256425104,0.1642502590977903,55.729166666666664
P1-E9,P1,False,A1,BtkY72 Cy5,10.924346,1.66135,6.476727030016698,2.011795133395843,-0.3625390855139504,42.70833333333333
P1-E10,P1,False,A1,BtkY72 Cy5,0.61266875,1.555151,0.3876402016869504,0.32760460779448813,-1.4779453976800654,8.333333333333332
P1-E11,P1,False,A1,BtkY72 Cy5,5.718786,1.8687762,3.0192087782596158,1.3910850619306163,-0.773623176780992,21.875
P1-E12,P1,False,A1,BtkY72 Cy5,2.9604254,1.6040173,1.8169084577271373,1.0356399919967239,-1.0090274666198915,15.104166666666666
P1-F1,P1,False,A1,BtkY72 Cy5,0.0,1.0879009,0.0,0.0,-1.6949114961552976,3.90625
P1-F2,P1,False,A1,BtkY72 Cy5,6.1371126,1.5616591,3.8670745094144867,1.582493039839227,-0.6468574317463052,26.041666666666668
P1-F3,P1,False,A1,BtkY72 Cy5,5.8969297,1.8052377,3.221317707816937,1.4401473323442757,-0.7411301985361128,22.395833333333336
P1-F4,P1,False,A1,BtkY72 Cy5,6.292379,1.2870772,4.794430962295276,1.7568972773707023,-0.531352930055995,32.8125
P1-F5,P1,False,A1,BtkY72 Cy5,3.6590412,0.9832466,3.6278259345289388,1.5320871972431491,-0.680240231463482,25.0
P1-F6,P1,True,A1,BtkY72 Cy5,8.531116,1.4708811,5.701707127117201,1.9023622890342833,-0.43501430936998803,39.0625
P1-F7,P1,False,A1,BtkY72 Cy5,5.299547,1.3012018,3.9949558240730374,1.6084285680319863,-0.6296808407277583,26.5625
P1-F8,P1,False,A1,BtkY72 Cy5,9.601447,1.5390793,6.137317377605018,1.9653369883297518,-0.39330740267910286,41.14583333333333
P1-F9,P1,False,A1,BtkY72 Cy5,3.452765,0.5713789,5.78607784639356,1.9148731379133281,-0.4267286198365783,39.58333333333333
P1-F10,P1,True,A1,BtkY72 Cy5,6.1710443,0.14531979,36.15614856056967,3.6151292638101458,0.6993176239203516,75.52083333333334
P1-F11,P1,False,A1,BtkY72 Cy5,6.7872963,1.5520477,4.302822768146808,1.6682392765417748,-0.5900693830020208,29.166666666666668
P1-F12,P1,False,A1,BtkY72 Cy5,0.0,1.7575878,0.0,0.0,-1.6949114961552976,3.90625
P1-G1,P1,False,A1,BtkY72 Cy5,4.544128,1.2404394,3.5899336797395343,1.5238655751095787,-0.6856852503521584,24.479166666666664
P1-G2,P1,False,A1,BtkY72 Cy5,0.0,1.5964483,0.0,0.0,-1.6949114961552976,3.90625
P1-G3,P1,False,A1,BtkY72 Cy5,13.219173,1.6770625,7.76492914235104,2.170758434182054,-0.2572608130118587,44.79166666666667
P1-G4,P1,False,A1,BtkY72 Cy5,7.7879024,1.668724,4.59712299606784,1.722252715023823,-0.5542973433729765,31.770833333333332
P1-G5,P1,False,A1,BtkY72 Cy5,8.224798,1.4420216,5.605092997761861,1.8878410177785532,-0.4446314621642269,38.54166666666667
P1-G6,P1,False,A1,BtkY72 Cy5,4.3696413,1.6881363,2.5501350135959027,1.2669856347629722,-0.855811790417543,19.791666666666664
P1-G7,P1,False,A1,BtkY72 Cy5,6.0370574,1.2193649,4.85012236058682,1.766462577364649,-0.5250180197065849,33.33333333333333
P1-G8,P1,False,A1,BtkY72 Cy5,6.0410957,1.681566,3.5391712857949487,1.512744459222989,-0.6930505470152564,23.958333333333336
P1-G9,P1,False,A1,BtkY72 Cy5,9.814031,1.8768554,5.159269739059743,1.8179582216640198,-0.4909134657220704,34.375
P1-G10,P1,False,A1,BtkY72 Cy5,2.12402,2.49551,0.8425749259838219,0.6111640096460308,-1.2901495741723144,11.458333333333332
P1-G11,P1,True,A1,BtkY72 Cy5,6.041192,0.30382723,18.351964547112,2.962793941304808,0.2672887499237059,60.416666666666664
P1-G12,P1,False,A1,BtkY72 Cy5,5.4013233,2.212814,2.4132746646168983,1.2276721426950168,-0.8818483442036609,18.75
P1-H1,P1,True,A1,BtkY72 Cy5,10.571332,1.333537,7.779360109406555,2.172403524513501,-0.25617130199045907,45.3125
P1-H2,P1,False,A1,BtkY72 Cy5,0.0,1.52525,0.0,0.0,-1.6949114961552976,3.90625
P1-H3,P1,False,A1,BtkY72 Cy5,0.0,2.3534431,0.0,0.0,-1.6949114961552976,3.90625
P1-H4,P1,False,A1,BtkY72 Cy5,5.526627,2.9403505,1.8635099750032733,1.052048136346065,-0.9981606748288303,15.625
P1-H5,P1,False,A1,BtkY72 Cy5,32.05284,6.0977225,5.2347574144993665,1.8301396713180624,-0.4828459308268711,34.89583333333333
P1-H6,P1,False,A1,BtkY72 Cy5,1.4100682,1.9311817,0.720694982135551,0.542728268596487,-1.3354732215768566,10.416666666666668
P1-H7,P1,False,A1,BtkY72 Cy5,6.2756095,2.7419493,2.2677676431358122,1.1841070738383503,-0.910700633807491,18.229166666666664
P1-H8,P1,False,A1,BtkY72 Cy5,4.2054477,1.6529602,2.5057514130218466,1.2544048806829022,-0.8641437767928428,19.270833333333336
P1-H9,P1,True,A1,BtkY72 Cy5,8.3421955,1.8621587,4.419667589660806,1.6900344832498893,-0.5756348455980559,30.729166666666668
P1-H10,P1,False,A1,BtkY72 Cy5,0.0,0.22292134,0.0,0.0,-1.6949114961552976,3.90625
P1-H11,P1,True,A1,BtkY72 Cy5,0.65443635,2.8851898,0.22484990453342868,0.2028183095781683,-1.5605889125238674,7.8125
P1-H12,P1,False,A1,BtkY72 Cy5,5.079985,1.5451225,3.234669673984449,1.4433053260027708,-0.7390387213505324,22.916666666666664
P2-A10,P2,False,A1,BtkY72 Cy5,3.3707595,2.5327284,1.3176880044151758,0.840570138971259,-1.1382183996351631,13.020833333333334
P2-A11,P2,False,A1,BtkY72 Cy5,2.577207,1.7166786,1.4794220143735228,0.9080254742941332,-1.0935440556908813,13.541666666666666
P2-A12,P2,True,A1,BtkY72 Cy5,0.0,1.5377002,0.0,0.0,-1.6949114961552976,3.90625
P2-A1,P2,False,A1,BtkY72 Cy5,6.1751003,1.1433855,5.2835385665954195,1.8379332878111165,-0.4776843716690374,35.41666666666667
P2-A2,P2,False,A1,BtkY72 Cy5,1.1293712,2.0014465,0.5572176850029378,0.44290069361424256,-1.401587064144445,9.375
P2-A3,P2,False,A1,BtkY72 Cy5,3.7537425,0.18992957,17.435962453347823,2.9143032382619065,0.23517430952444485,57.8125
P2-A4,P2,False,A1,BtkY72 Cy5,11.602585,1.9215634,5.95945280168504,1.940100850808027,-0.4100208009903617,40.625
P2-A5,P2,False,A1,BtkY72 Cy5,6.5823035,1.2882279,5.010943328630937,1.7935816960689677,-0.5070575599347437,33.85416666666667
P2-A6,P2,False,A1,BtkY72 Cy5,2.334645,2.1267207,1.0848326397015722,0.7346885833007952,-1.2083416747287778,11.979166666666668
P2-A7,P2,False,A1,BtkY72 Cy5,5.699721,0.08977179,49.507003368986204,3.9221120072400364,0.9026262665844648,82.29166666666666
P2-A8,P2,False,A1,BtkY72 Cy5,8.315255,1.8830001,4.357282771748423,1.6784569009730377,-0.583302450987661,29.6875
P2-A9,P2,False,A1,BtkY72 Cy5,0.54855746,0.23164107,2.1344742099449703,1.1424614438929555,-0.9382817167129667,16.666666666666664
P2-B6,P2,False,A1,BtkY72 Cy5,2.5818133,0.0,101.81535070077057,4.632934667756047,1.373390156012695,91.14583333333334
P2-B7,P2,False,A1,BtkY72 Cy5,55.959423,8.211304,6.793944483674199,2.053347083934285,-0.33502004464008994,43.75
P2-B8,P2,False,A1,BtkY72 Cy5,39.276226,0.20373796,171.44021347230523,5.150050587829369,1.7158658751213884,94.79166666666666
P2-B9,P2,False,A1,BtkY72 Cy5,7.2511134,0.6655212,10.49548965882593,2.4419547548569103,-0.07765281539000275,50.520833333333336
P2-B10,P2,False,A1,BtkY72 Cy5,4.8348093,0.09927879,38.791251429455826,3.6836470747976455,0.744695624633171,76.5625
P2-B11,P2,False,A1,BtkY72 Cy5,13.222744,0.0,521.4468132093479,6.258523185756948,2.4499855093297134,99.47916666666666
P2-B12,P2,False,A1,BtkY72 Cy5,4.0729656,0.2827342,13.219965464861145,2.6546469957407215,0.063209079047891,53.645833333333336
P2-B1,P2,False,A1,BtkY72 Cy5,0.0,1.8679203,0.0,0.0,-1.6949114961552976,3.90625
P2-B2,P2,False,A1,BtkY72 Cy5,0.0,1.9322281,0.0,0.0,-1.6949114961552976,3.90625
P2-B3,P2,False,A1,BtkY72 Cy5,0.0,2.6686835,0.0,0.0,-1.6949114961552976,3.90625
P2-B4,P2,False,A1,BtkY72 Cy5,2.061797,2.5294476,0.8070270244457757,0.5916829669192761,-1.3030514862153364,10.9375
P2-B5,P2,True,A1,BtkY72 Cy5,7.0968623,1.8111145,3.864399316014731,1.5819432375142894,-0.647221555029483,25.520833333333332
P2-C1,P2,False,A1,BtkY72 Cy5,1.1787317,0.05617377,14.457365410723723,2.738085615359387,0.11846883831286852,54.6875
P2-C2,P2,False,A1,BtkY72 Cy5,10.868803,0.3969291,25.737959193145706,3.286084248385247,0.4813975717572023,68.75
P2-C3,P2,False,A1,BtkY72 Cy5,3.6793427,0.18105938,17.824789099434458,2.935174570405908,0.2489969829469914,59.895833333333336
P2-C4,P2,True,A1,BtkY72 Cy5,0.807538,0.3325539,2.2562492368927867,1.180575992167969,-0.9130391998569058,17.708333333333336
P2-C5,P2,False,A1,BtkY72 Cy5,3.3114429,0.0253578,65.29436504744102,4.194104901836843,1.0827618194722743,84.375
P2-C6,P2,False,A1,BtkY72 Cy5,0.6889323,0.10289878,5.371516221623873,1.8518374666331918,-0.4684759070755843,36.45833333333333
P2-C7,P2,False,A1,BtkY72 Cy5,18.809464,0.03565658,308.2791958223618,5.7342444152961445,2.10276597506837,97.39583333333334
P2-C8,P2,False,A1,BtkY72 Cy5,14.755262,0.04421486,212.0842008915571,5.361687396945303,1.856028777825238,95.83333333333334
P2-C9,P2,False,A1,BtkY72 Cy5,12.782433,0.3927551,30.571725962054742,3.452261972030669,0.5914538148472275,72.91666666666666
P2-C10,P2,False,A1,BtkY72 Cy5,3.1866546,0.15651572,17.521267527015475,2.918919667859613,0.23823168019283403,58.333333333333336
P2-C11,P2,False,A1,BtkY72 Cy5,6.1129456,0.0,241.06766359857716,5.489217288722443,1.9404893208076257,96.35416666666666
P2-C12,P2,True,A1,BtkY72 Cy5,6.8588915,0.18373063,32.80378306920187,3.520572721350139,0.6366946826834413,73.95833333333334
P2-D1,P2,False,A1,BtkY72 Cy5,0.63613164,0.11983388,4.381322951838563,1.682934245773523,-0.5803371934492229,30.208333333333332
P2-D2,P2,False,A1,BtkY72 Cy5,0.71775705,0.10687077,5.428154066855598,1.860687415673848,-0.4626147596149835,36.97916666666667
P2-D3,P2,False,A1,BtkY72 Cy5,8.140808,0.08857124,71.4550741408863,4.28296670276541,1.1416132452222099,86.45833333333334
P2-D4,P2,False,A1,BtkY72 Cy5,6.968799,0.13042969,44.732725329870846,3.82281413199895,0.8368632337535776,79.16666666666666
P2-D5,P2,False,A1,BtkY72 Cy5,27.093817,1.3341607,19.928980002846597,3.041134801531566,0.31917236324960846,63.020833333333336
P2-D6,P2,True,A1,BtkY72 Cy5,9.027975,0.08510298,81.7301398740802,4.415583983930508,1.2294430662936957,90.10416666666666
P2-D7,P2,False,A1,BtkY72 Cy5,1.2065455,0.07476095,12.051144266183906,2.5688758131572356,0.006404509136530864,52.604166666666664
P2-D8,P2,False,A1,BtkY72 Cy5,12.568298,0.05813253,150.53597224972043,5.020823037357082,1.6302810061226225,94.27083333333334
P2-D9,P2,False,A1,BtkY72 Cy5,18.774775,0.24429737,69.62512530354972,4.257385963674585,1.1246716240587769,85.9375
P2-D10,P2,False,A1,BtkY72 Cy5,3.582782,0.14704596,20.781344908022884,3.081053865278036,0.3456099752666194,65.625
P2-D11,P2,False,A1,BtkY72 Cy5,5.1742206,0.04481271,73.73782234160761,4.313986287181266,1.1621569068402213,86.97916666666666
P2-D12,P2,False,A1,BtkY72 Cy5,0.95662683,0.08193989,8.915633039257417,2.294112606555679,-0.17556576699060128,47.91666666666667
P2-E1,P2,False,A1,BtkY72 Cy5,4.005483,0.06312148,45.27029379081747,3.834500152386917,0.8446026555747437,80.20833333333334
P2-E2,P2,False,A1,BtkY72 Cy5,0.15826653,0.06245129,1.8023934651868043,1.0304738610353055,-1.0124488937068212,14.583333333333334
P2-E3,P2,False,A1,BtkY72 Cy5,2.653407,0.10545915,20.28335777588455,3.057925442246015,0.33029247487208807,64.0625
P2-E4,P2,False,A1,BtkY72 Cy5,3.2965162,0.6687381,4.7493670543220325,1.7490897712410738,-0.5365236880473772,32.29166666666667
P2-E5,P2,False,A1,BtkY72 Cy5,3.0087557,0.11121121,22.031028122705145,3.136842355593632,0.3825575968678127,67.1875
P2-E6,P2,False,A1,BtkY72 Cy5,15.049975,0.72864175,19.96019095767365,3.042624969987373,0.3201592725550177,63.541666666666664
P2-E7,P2,False,A1,BtkY72 Cy5,10.782719,0.1122135,78.37913140313422,4.374235505031689,1.2020587806911254,89.0625
P2-E8,P2,False,A1,BtkY72 Cy5,2.7003162,0.06927347,28.535136430061648,3.3855806200158955,0.5472920648489653,70.83333333333334
P2-E9,P2,False,A1,BtkY72 Cy5,2.864635,0.0,112.96859348997152,4.735922914736579,1.4415972495777134,91.66666666666666
P2-E10,P2,False,A1,BtkY72 Cy5,14.762181,0.0,582.1554314648747,6.368453757103587,2.522790367993959,100.0
P2-E11,P2,False,A1,BtkY72 Cy5,9.704821,0.0,382.7154169525748,5.949901176150115,2.245591212867358,97.91666666666666
P2-E12,P2,False,A1,BtkY72 Cy5,2.789097,0.3224048,8.02011774699177,2.1994573879795483,-0.238254059481489,45.83333333333333
P2-F1,P2,False,A1,BtkY72 Cy5,2.365786,0.0,93.29618500027605,4.546440732832457,1.3161069214193826,90.625
P2-F2,P2,False,A1,BtkY72 Cy5,2.0989487,0.08829574,18.467957091349728,2.9687698879082554,0.27124650200776595,60.9375
P2-F3,P2,False,A1,BtkY72 Cy5,10.5427475,0.0,415.7595493299892,6.032509435177598,2.3003010406188285,98.4375
P2-F4,P2,False,A1,BtkY72 Cy5,1.6562274,0.0679803,17.744387340217983,2.930894365749663,0.2461622874547853,59.375
P2-F5,P2,False,A1,BtkY72 Cy5,7.498066,0.0,295.6907144941596,5.692690230865557,2.0752454547316086,96.875
P2-F6,P2,True,A1,BtkY72 Cy5,3.40718,0.14162233,20.404703242236067,3.063610675554813,0.33405769324992357,64.58333333333334
P2-F7,P2,False,A1,BtkY72 Cy5,5.744142,0.0600002,67.29471168490359,4.223832335832409,1.102449715241262,85.41666666666666
P2-F8,P2,False,A1,BtkY72 Cy5,1.8381585,0.07851102,17.696922907182348,2.9283589599025794,0.24448313795076468,58.854166666666664
P2-F9,P2,False,A1,BtkY72 Cy5,3.2679045,0.0,128.87176726687647,4.8665475579979685,1.5281073856955836,92.70833333333334
P2-F10,P2,False,A1,BtkY72 Cy5,3.1718833,0.20408714,13.82415885920169,2.6962582052776147,0.09076736599273963,54.166666666666664
P2-F11,P2,False,A1,BtkY72 Cy5,0.8542775,0.06847093,9.10464737186574,2.3129954538454776,-0.1630600280385373,48.95833333333333
P2-F12,P2,False,A1,BtkY72 Cy5,2.7021542,0.11379729,19.418292209074064,3.016431175990977,0.3028116371663631,61.979166666666664
P2-G1,P2,False,A1,BtkY72 Cy5,5.2532954,0.04486689,74.80695749600318,4.328190075982323,1.1715637972392254,88.02083333333334
P2-G2,P2,False,A1,BtkY72 Cy5,2.0383065,0.03882739,31.75664822367901,3.489105940676018,0.6158548517653036,73.4375
P2-G3,P2,False,A1,BtkY72 Cy5,1.5242583,0.11439605,10.906735664169538,2.4771042621864616,-0.054373986926749246,51.5625
P2-G4,P2,False,A1,BtkY72 Cy5,15.275363,0.04946869,204.14378651196924,5.323711130893419,1.8308778425700674,95.3125
P2-G5,P2,True,A1,BtkY72 Cy5,6.6259704,0.2170955,27.328852195453724,3.343880797506426,0.5196750912724982,70.3125
P2-G6,P2,False,A1,BtkY72 Cy5,4.8362966,0.13718803,29.753433846934122,3.426001657836913,0.5740621244381378,71.35416666666666
P2-G7,P2,False,A1,BtkY72 Cy5,2.5350587,0.2627858,8.797900421872983,2.282168120057266,-0.18347636584114166,46.875
P2-G8,P2,False,A1,BtkY72 Cy5,2.0644135,0.05294045,26.36602350627249,3.3093022259162677,0.4967743823378133,69.79166666666666
P2-G9,P2,False,A1,BtkY72 Cy5,2.519662,0.11017096,18.59134548268574,2.9750879117156406,0.27543080510652435,61.458333333333336
P2-G10,P2,False,A1,BtkY72 Cy5,3.4886186,0.10962524,25.844866140220283,3.2900745974668792,0.4840403015943209,69.27083333333334
P2-G11,P2,False,A1,BtkY72 Cy5,9.3721485,0.19107035,43.3037407564589,3.7910691149411653,0.8158391323423485,78.64583333333334
P2-G12,P2,True,A1,BtkY72 Cy5,4.996763,0.28086796,16.317252343499774,2.8517032498739936,0.19371556650932656,56.770833333333336
P2-H1,P2,False,A1,BtkY72 Cy5,6.1487894,0.07828857,59.324696079563616,4.0997415734472415,1.0202668401199926,83.33333333333334
P2-H2,P2,False,A1,BtkY72 Cy5,0.91193324,0.09833872,7.372343538848142,2.1249338380046687,-0.2876095431892052,44.27083333333333
P2-H3,P2,False,A1,BtkY72 Cy5,1.9492271,0.03231387,33.79869353531812,3.5495798439871473,0.6559055303846199,75.0
P2-H4,P2,False,A1,BtkY72 Cy5,8.136725,0.08403547,74.38048976870333,4.322548485147457,1.1678274824148553,87.5
P2-H5,P2,False,A1,BtkY72 Cy5,0.0,0.29875425,0.0,0.0,-1.6949114961552976,3.90625
P2-H6,P2,False,A1,BtkY72 Cy5,0.51433355,0.08984,4.464786219875727,1.6983250028168435,-0.5701441972922084,31.25
P2-H7,P2,False,A1,BtkY72 Cy5,4.354802,0.27066135,14.711217162808556,2.7543749262115123,0.12925692901229172,55.208333333333336
P2-H8,P2,False,A1,BtkY72 Cy5,11.178715,0.63546383,16.91638786097241,2.8857158169705337,0.21624142178268307,57.291666666666664
P2-H9,P2,False,A1,BtkY72 Cy5,1.8530979,0.06541113,20.41555298712897,3.064117433154159,0.33439330885662394,65.10416666666666
P2-H10,P2,False,A1,BtkY72 Cy5,3.3512726,0.1085991,25.017543702489387,3.2587710682628526,0.4633085889190102,68.22916666666666
P2-H11,P2,False,A1,BtkY72 Cy5,2.385636,0.09656724,19.56641556156143,3.0236594328442945,0.307598769736931,62.5
P2-H12,P2,False,A1,BtkY72 Cy5,5.665626,0.32301226,16.263240302567908,2.84857940283067,0.19164670395642724,56.25
P1-A1,P1,False,A1,Khosta-2 TRED,7.8044066,0.0,307.7714391627034,5.732601324115095,1.7530968509528413,96.35416666666666
P1-A2,P1,False,A1,Khosta-2 TRED,16.906343,0.05936065,199.55916332274728,5.301109282135848,1.491167569723227,93.75
P1-A3,P1,False,A1,Khosta-2 TRED,11.935187,0.0,470.6712333088833,6.15628220328932,2.0102845099506714,98.95833333333334
P1-A4,P1,False,A1,Khosta-2 TRED,8.193722,0.08327249,75.42759942921997,4.336343880011298,0.9055245363672667,79.16666666666666
P1-A5,P1,False,A1,Khosta-2 TRED,7.76423,0.0904127,67.06570326637615,4.220473463187209,0.8351875381336603,75.52083333333334
P1-A6,P1,False,A1,Khosta-2 TRED,6.548287,0.12454996,43.682108251100544,3.799573158654057,0.5796877756583266,65.10416666666666
P1-A7,P1,False,A1,Khosta-2 TRED,6.880189,0.15239055,38.70747042096312,3.681539341803723,0.5080375253626724,61.979166666666664
P1-A8,P1,False,A1,Khosta-2 TRED,6.8570247,0.17577621,34.09182116937857,3.55796808820216,0.43302587627632255,58.333333333333336
P1-A9,P1,False,A1,Khosta-2 TRED,6.192619,0.14271648,36.84453683216729,3.633486632138671,0.4788680147363148,60.416666666666664
P1-A10,P1,False,A1,Khosta-2 TRED,5.8196034,0.09431464,48.62943715361699,3.9045841486850916,0.6434327592595815,68.75
P1-A11,P1,False,A1,Khosta-2 TRED,8.210678,0.07667574,80.47038258204115,4.400239550298282,0.9443112238695104,80.72916666666666
P1-A12,P1,False,A1,Khosta-2 TRED,9.518343,0.1114258,69.58687298769735,4.256844192192687,0.8572657179825951,76.04166666666666
P1-B3,P1,False,A1,Khosta-2 TRED,17.133917,0.08645002,153.2443526758683,5.0385380506136155,1.3317785491778587,91.66666666666666
P1-B4,P1,False,A1,Khosta-2 TRED,15.121431,1.0388168,14.20953948722324,2.7219228288386987,-0.07447996984778842,51.5625
P1-B5,P1,True,A1,Khosta-2 TRED,18.09244,0.08908669,158.08921862467997,5.069465168275009,1.3505522852180292,92.70833333333334
P1-B6,P1,False,A1,Khosta-2 TRED,11.941603,0.07945932,113.92798237539823,4.744305691979015,1.1531702257006862,87.5
P1-B7,P1,False,A1,Khosta-2 TRED,15.22506,0.34715337,40.87141870135062,3.7346034629380473,0.5402491208397061,63.541666666666664
P1-B8,P1,False,A1,Khosta-2 TRED,12.596298,0.10689977,95.24065805836295,4.56685190932346,1.045450181712757,85.41666666666666
P1-B9,P1,False,A1,Khosta-2 TRED,15.595455,0.16752075,80.85634716768661,4.40496584714762,0.9471802351517269,81.25
P1-B10,P1,False,A1,Khosta-2 TRED,12.12249,0.10534553,92.74813426712235,4.540611763501794,1.0295215854334316,84.89583333333334
P1-B11,P1,False,A1,Khosta-2 TRED,16.820742,0.16472091,88.49356143042006,4.494166683368137,1.00132795664654,84.375
P1-B12,P1,False,A1,Khosta-2 TRED,17.03702,0.36290282,43.88037087047355,3.804000524782649,0.5823753265630505,65.625
P1-B1,P1,False,A1,Khosta-2 TRED,6.5843263,0.16645417,34.32698334728536,3.5646470727067334,0.43708023056429984,58.854166666666664
P1-B2,P1,False,A1,Khosta-2 TRED,7.2783227,0.12354451,48.87985082299933,3.9096171300896274,0.6464879377414027,69.27083333333334
P1-C2,P1,False,A1,Khosta-2 TRED,7.2553563,0.75664353,9.277933453131084,2.329999213858581,-0.3123899676724802,45.83333333333333
P1-C3,P1,False,A1,Khosta-2 TRED,9.286982,1.4053172,6.491328918167997,2.0137462074476664,-0.5043655190081399,38.02083333333333
P1-C4,P1,False,A1,Khosta-2 TRED,14.200293,1.0927789,12.699961462672675,2.6173930198865225,-0.13793286135494925,51.041666666666664
P1-C5,P1,False,A1,Khosta-2 TRED,5.885846,0.6727146,8.431569562125647,2.24406252628677,-0.3645562479674502,43.75
P1-C6,P1,False,A1,Khosta-2 TRED,2.4320219,0.31394264,7.167753451778607,2.100193895756775,-0.45188904514571904,40.10416666666667
P1-C7,P1,False,A1,Khosta-2 TRED,0.9239139,1.6558977,0.5495380684256498,0.4379568661437111,-1.4609193586659388,9.375
P1-C8,P1,False,A1,Khosta-2 TRED,9.393791,1.232295,7.469303928715461,2.136448324497735,-0.42988146322612786,41.66666666666667
P1-C9,P1,False,A1,Khosta-2 TRED,0.31220448,0.9636453,0.31567593670838845,0.2743505538771031,-1.5602335512986771,5.729166666666666
P1-C10,P1,False,A1,Khosta-2 TRED,7.919497,0.11919764,54.785188298690116,4.021508391475318,0.7144094630983834,70.83333333333334
P1-C11,P1,False,A1,Khosta-2 TRED,6.481172,1.3365672,4.75883180057639,1.7507346417386516,-0.6640218362955654,29.6875
P1-C12,P1,False,A1,Khosta-2 TRED,7.299796,1.7955452,4.008887897927567,1.6112139139947887,-0.7487153193247157,23.958333333333336
P1-C1,P1,False,A1,Khosta-2 TRED,10.413583,0.05945717,122.78001159465128,4.818505889982655,1.1982120865911894,88.02083333333334
P1-D1,P1,False,A1,Khosta-2 TRED,9.5612955,4.627255,2.0550378703338477,1.1167919887280189,-1.0488450248814079,17.1875
P1-D2,P1,False,A1,Khosta-2 TRED,1.0738467,2.2836819,0.4650620342300741,0.38189758575689187,-1.4949491102938384,8.854166666666668
P1-D3,P1,False,A1,Khosta-2 TRED,3.3506064,1.1948001,2.746043278496988,1.3207001572111616,-0.9250663341721931,20.3125
P1-D4,P1,False,A1,Khosta-2 TRED,6.077891,1.8816534,3.1871291579199954,1.4320153339268906,-0.8574945103829128,21.354166666666664
P1-D5,P1,False,A1,Khosta-2 TRED,0.54507214,1.6954744,0.31674915195101533,0.2751659353340803,-1.5597385890324569,6.25
P1-D6,P1,True,A1,Khosta-2 TRED,4.038241,2.201512,1.8134158539488927,1.0343993514819374,-1.0988599548288678,16.666666666666664
P1-D7,P1,False,A1,Khosta-2 TRED,3.4990382,1.5018187,2.291181274724958,1.191246550402606,-1.003648757218542,17.708333333333336
P1-D8,P1,False,A1,Khosta-2 TRED,5.4113574,2.1724796,2.462128181092923,1.241883481225427,-0.9729105428281752,18.229166666666664
P1-D9,P1,False,A1,Khosta-2 TRED,1.2354895,0.1470321,7.166832279617309,2.1000811078137662,-0.45195751098510767,39.58333333333333
P1-D10,P1,False,A1,Khosta-2 TRED,7.6721015,1.73486,4.3586092016567495,1.6787044641098054,-0.7077464263636079,25.520833333333332
P1-D11,P1,False,A1,Khosta-2 TRED,4.4103966,0.9783539,4.3940870670332925,1.6853033660469052,-0.7037406847203532,26.041666666666668
P1-D12,P1,False,A1,Khosta-2 TRED,6.377317,1.3904797,4.504271853231744,1.705524491350208,-0.6914658237703041,26.5625
P1-E1,P1,False,A1,Khosta-2 TRED,4.6616006,1.3196851,3.4657635083609595,1.496440198222976,-0.8183865854233124,21.875
P1-E2,P1,False,A1,Khosta-2 TRED,0.0,0.1862003,0.0,0.0,-1.7267729921012318,2.083333333333333
P1-E3,P1,False,A1,Khosta-2 TRED,8.035007,1.4076873,5.606946355003062,1.8881215735964512,-0.5806236346814874,34.375
P1-E4,P1,False,A1,Khosta-2 TRED,3.7832334,2.2200682,1.6848622043211399,0.9876294060930976,-1.1272507870737796,15.625
P1-E5,P1,False,A1,Khosta-2 TRED,9.0400305,1.2740448,6.957066655092117,2.0740604212727303,-0.4677528885580791,39.0625
P1-E6,P1,True,A1,Khosta-2 TRED,7.953848,1.4582428,5.361178743119947,1.8502136971478016,-0.6036349115189252,32.8125
P1-E7,P1,False,A1,Khosta-2 TRED,1.0790254,1.4324995,0.740144731586555,0.5539682888399832,-1.3904967654197786,10.416666666666668
P1-E8,P1,False,A1,Khosta-2 TRED,13.953551,0.07287266,142.04912610609782,4.963188110467308,1.2860387585372561,90.10416666666666
P1-E9,P1,False,A1,Khosta-2 TRED,9.279948,1.66135,5.50181127993835,1.87208079653559,-0.5903608923760753,33.33333333333333
P1-E10,P1,False,A1,Khosta-2 TRED,2.2480407,1.555151,1.4223525360947056,0.8847391903168469,-1.189708393800926,12.5
P1-E11,P1,False,A1,Khosta-2 TRED,7.842598,1.8687762,4.140466302806454,1.6371437957425887,-0.7329750631257455,24.479166666666664
P1-E12,P1,False,A1,Khosta-2 TRED,5.669263,1.6040173,3.4794093760239737,1.4994912020268685,-0.8165345298680889,22.395833333333336
P1-F1,P1,False,A1,Khosta-2 TRED,0.0,1.0879009,0.0,0.0,-1.7267729921012318,2.083333333333333
P1-F2,P1,False,A1,Khosta-2 TRED,8.292421,1.5616591,5.225162378548079,1.828599526917888,-0.6167553946841005,31.25
P1-F3,P1,False,A1,Khosta-2 TRED,11.197308,1.8052377,6.116757088062327,1.962452156508337,-0.5355026260385864,36.97916666666667
P1-F4,P1,False,A1,Khosta-2 TRED,6.71588,1.2870772,5.117114371378392,1.8110904773847023,-0.6273839400871734,30.208333333333332
P1-F5,P1,False,A1,Khosta-2 TRED,9.058792,0.9832466,8.981511482599124,2.30073453001804,-0.33015455394064014,44.79166666666667
P1-F6,P1,True,A1,Khosta-2 TRED,12.049192,1.4708811,8.052986725582391,2.2030947281918185,-0.38942499377177436,42.70833333333333
P1-F7,P1,False,A1,Khosta-2 TRED,7.6706805,1.3012018,5.782386633815773,1.9143290508982895,-0.5647148692242506,35.9375
P1-F8,P1,False,A1,Khosta-2 TRED,0.52181596,1.5390793,0.3335486994012095,0.28784358395900234,-1.5520428563909565,7.291666666666667
P1-F9,P1,False,A1,Khosta-2 TRED,2.8157797,0.5713789,4.718630008846448,1.7437292677619305,-0.6682743192893432,28.645833333333332
P1-F10,P1,True,A1,Khosta-2 TRED,2.7885005,0.14531979,16.337824432604187,2.8528904982332333,0.00502153695051801,52.083333333333336
P1-F11,P1,False,A1,Khosta-2 TRED,8.332043,1.5520477,5.2821186435574115,1.8377072872095872,-0.6112266968757383,31.770833333333332
P1-F12,P1,False,A1,Khosta-2 TRED,0.6950561,1.7575878,0.3898358424396122,0.32918564120406085,-1.5269469234762247,8.333333333333332
P1-G1,P1,False,A1,Khosta-2 TRED,3.3660748,1.2404394,2.659252840818418,1.2972589847205993,-0.9392958653437731,18.75
P1-G2,P1,False,A1,Khosta-2 TRED,0.0,1.5964483,0.0,0.0,-1.7267729921012318,2.083333333333333
P1-G3,P1,False,A1,Khosta-2 TRED,0.57516646,1.6770625,0.3378522095865516,0.2910654993919603,-1.5500870520853514,7.8125
P1-G4,P1,False,A1,Khosta-2 TRED,2.9693086,1.668724,1.7527539697315677,1.0126018541071788,-1.1120917233541596,16.145833333333336
P1-G5,P1,False,A1,Khosta-2 TRED,8.323849,1.4420216,5.672594967600062,1.8980088348816673,-0.5746217551801023,35.41666666666667
P1-G6,P1,False,A1,Khosta-2 TRED,7.167085,1.6881363,4.182731063970398,1.6453321497599267,-0.7280044739292983,25.0
P1-G7,P1,False,A1,Khosta-2 TRED,13.099273,1.2193649,10.523848404146563,2.4444186623411164,-0.2429337529941088,46.35416666666667
P1-G8,P1,False,A1,Khosta-2 TRED,11.455153,1.681566,6.710992605528143,2.0426469218992738,-0.48682187364075685,38.54166666666667
P1-G9,P1,False,A1,Khosta-2 TRED,11.762279,1.8768554,6.183470391226388,1.9717826076847385,-0.5298387478382549,37.5
P1-G10,P1,False,A1,Khosta-2 TRED,3.3399003,2.49551,1.3249010122625233,0.8436774627620051,-1.2146341577504807,11.979166666666668
P1-G11,P1,True,A1,Khosta-2 TRED,2.699196,0.30382723,8.19963167826921,2.2191634482828357,-0.37967077377639735,43.22916666666667
P1-G12,P1,False,A1,Khosta-2 TRED,10.305025,2.212814,4.604215368989995,1.723519059033584,-0.6805425535340223,28.125
P1-H1,P1,True,A1,Khosta-2 TRED,7.66096,1.333537,5.637640235285321,1.892756514071472,-0.577810079600389,34.89583333333333
P1-H2,P1,False,A1,Khosta-2 TRED,0.30175576,1.52525,0.19460482528206033,0.17781544055289686,-1.61883341036084,4.6875
P1-H3,P1,False,A1,Khosta-2 TRED,6.4619417,2.3534431,2.7164701762135706,1.3127743404540053,-0.9298775549697702,19.791666666666664
P1-H4,P1,False,A1,Khosta-2 TRED,4.474933,2.9403505,1.5088918218963072,0.9198411504309713,-1.1684003966933332,13.541666666666666
P1-H5,P1,False,A1,Khosta-2 TRED,44.8374,6.0977225,7.322686916256839,2.118985149362553,-0.4404821614224694,41.14583333333333
P1-H6,P1,False,A1,Khosta-2 TRED,2.9208543,1.9311817,1.4928675347469345,0.9134336682508261,-1.1722899405056328,13.020833333333334
P1-H7,P1,False,A1,Khosta-2 TRED,15.326496,2.7419493,5.538415306346014,1.8776948282096424,-0.58695299805098,33.85416666666667
P1-H8,P1,False,A1,Khosta-2 TRED,7.6900144,1.6529602,4.581976955499494,1.719543006746507,-0.6829561426999043,27.604166666666668
P1-H9,P1,True,A1,Khosta-2 TRED,5.2376,1.8621587,2.774863160136613,1.3283641330735447,-0.9204140590577156,20.833333333333336
P1-H10,P1,False,A1,Khosta-2 TRED,0.0,0.22292134,0.0,0.0,-1.7267729921012318,2.083333333333333
P1-H11,P1,True,A1,Khosta-2 TRED,2.6011636,2.8851898,0.8937024771558452,0.6385338953894973,-1.3391627745571477,11.458333333333332
P1-H12,P1,False,A1,Khosta-2 TRED,8.188857,1.5451225,5.214237325995112,1.8268430023875328,-0.6178216604849428,30.729166666666668
P2-A10,P2,False,A1,Khosta-2 TRED,0.8146875,2.5327284,0.3184753899223568,0.2764760614283282,-1.5589433011643135,6.770833333333333
P2-A11,P2,False,A1,Khosta-2 TRED,4.715204,1.7166786,2.706719561083798,1.3101472701290744,-0.9314722695299565,19.270833333333336
P2-A12,P2,True,A1,Khosta-2 TRED,2.3721986,1.5377002,1.5176651154339762,0.9233319305239843,-1.1662813830575325,14.0625
P2-A1,P2,False,A1,Khosta-2 TRED,8.38832,1.1433855,7.1772133367523905,2.101351424695491,-0.45118638856477805,40.625
P2-A2,P2,False,A1,Khosta-2 TRED,0.2753527,2.0014465,0.1358555929647475,0.1273861933496111,-1.6494455542426094,4.166666666666666
P2-A3,P2,False,A1,Khosta-2 TRED,1.6991949,0.18992957,7.892682696620801,2.1852287696528516,-0.4002701942003254,42.1875
P2-A4,P2,False,A1,Khosta-2 TRED,10.292026,1.9215634,5.286308454600012,1.8383740072637487,-0.6108219767706655,32.29166666666667
P2-A5,P2,False,A1,Khosta-2 TRED,5.930802,1.2882279,4.514971501288419,1.707466485201347,-0.6902869722409735,27.083333333333332
P2-A6,P2,False,A1,Khosta-2 TRED,3.388097,2.1267207,1.5743370885402184,0.9455920596283838,-1.1527687824782749,14.583333333333334
P2-A7,P2,False,A1,Khosta-2 TRED,2.222883,0.08977179,19.30766017667569,3.010998163474376,0.10099787737975091,53.645833333333336
P2-A8,P2,False,A1,Khosta-2 TRED,9.072027,1.8830001,4.7538394134559345,1.7498673560600155,-0.664548306061691,29.166666666666668
P2-A9,P2,False,A1,Khosta-2 TRED,1.0237194,0.23164107,3.9833614832625535,1.6061046599678594,-0.7518167976944082,23.4375
P2-B6,P2,False,A1,Khosta-2 TRED,7.7817073,0.0,306.87627869925626,5.729698009738634,1.7513344475390453,95.83333333333334
P2-B7,P2,False,A1,Khosta-2 TRED,4.971689,8.211304,0.6036048487507402,0.47225412544760775,-1.4400998403350598,9.895833333333332
P2-B8,P2,False,A1,Khosta-2 TRED,35.058933,0.20373796,153.03178461268774,5.037158974706284,1.330941406598099,91.14583333333334
P2-B9,P2,False,A1,Khosta-2 TRED,18.817024,0.6655212,27.23635253061679,3.340610244602503,0.3010828084910414,55.729166666666664
P2-B10,P2,False,A1,Khosta-2 TRED,12.555341,0.09927879,100.73559457940883,4.622377237684643,1.0791558076171681,86.97916666666666
P2-B11,P2,False,A1,Khosta-2 TRED,0.0,0.0,0.0,0.0,-1.7267729921012318,2.083333333333333
P2-B12,P2,False,A1,Khosta-2 TRED,12.520708,0.2827342,40.639510276151285,3.7290494827782634,0.536877679678143,63.020833333333336
P2-B1,P2,False,A1,Khosta-2 TRED,0.4337684,1.8679203,0.22910971188015114,0.20629009582677424,-1.6015483963547035,5.208333333333334
P2-B2,P2,False,A1,Khosta-2 TRED,0.0,1.9322281,0.0,0.0,-1.7267729921012318,2.083333333333333
P2-B3,P2,False,A1,Khosta-2 TRED,0.0,2.6686835,0.0,0.0,-1.7267729921012318,2.083333333333333
P2-B4,P2,False,A1,Khosta-2 TRED,2.229346,2.5294476,0.872608927474476,0.6273326069333083,-1.3459623100033107,10.9375
P2-B5,P2,True,A1,Khosta-2 TRED,7.10187,1.8111145,3.867126120007364,1.5825036438106967,-0.766143359014006,22.916666666666664
P2-C1,P2,False,A1,Khosta-2 TRED,20.40473,0.05617377,250.2678410338474,5.526519465942199,1.6279986620312341,94.79166666666666
P2-C2,P2,False,A1,Khosta-2 TRED,4.708807,0.3969291,11.150729515881267,2.4973892104434445,-0.21077895929932997,48.4375
P2-C3,P2,False,A1,Khosta-2 TRED,7.475686,0.18105938,36.216394391203295,3.616749373636167,0.468707970835607,59.895833333333336
P2-C4,P2,True,A1,Khosta-2 TRED,3.933736,0.3325539,10.990800244864865,2.48413970950321,-0.2188218243357463,47.91666666666667
P2-C5,P2,False,A1,Khosta-2 TRED,0.29829097,0.0253578,5.881641349012927,1.9288571916628752,-0.555895829478777,36.45833333333333
P2-C6,P2,False,A1,Khosta-2 TRED,8.937656,0.10289878,69.6857502359723,4.2582440000558694,0.8581154455135622,76.5625
P2-C7,P2,False,A1,Khosta-2 TRED,22.183228,0.03565658,363.5737673643492,5.8987289105731335,1.853941536555311,98.4375
P2-C8,P2,False,A1,Khosta-2 TRED,10.988473,0.04421486,157.94240151231818,5.068541881950661,1.3499918212933726,92.1875
P2-C9,P2,False,A1,Khosta-2 TRED,4.834046,0.3927551,11.561580616144585,2.530642998356647,-0.1905928610197096,48.95833333333333
P2-C10,P2,False,A1,Khosta-2 TRED,8.245299,0.15651572,45.33534623402021,3.83590508741864,0.6017424025370546,67.70833333333334
P2-C11,P2,False,A1,Khosta-2 TRED,8.960824,0.0,353.37545055170403,5.870356945879315,1.836718858970723,97.39583333333334
P2-C12,P2,True,A1,Khosta-2 TRED,8.3042965,0.18373063,39.71667155375359,3.7066376290623273,0.5232729774734133,62.5
P2-D1,P2,False,A1,Khosta-2 TRED,9.400992,0.11983388,64.74883409297283,4.1858419384743835,0.8141651101549022,75.0
P2-D2,P2,False,A1,Khosta-2 TRED,10.904297,0.10687077,82.46551407158076,4.424433541415931,0.9589977396959748,81.77083333333334
P2-D3,P2,False,A1,Khosta-2 TRED,9.698148,0.08857124,85.12445992698613,4.455793458509937,0.9780341986447315,82.8125
P2-D4,P2,False,A1,Khosta-2 TRED,5.2712746,0.13042969,33.83631509821489,3.5506603799788983,0.4285898668575283,57.8125
P2-D5,P2,False,A1,Khosta-2 TRED,47.218258,1.3341607,34.731603872988856,3.5760355597205145,0.4439934014402437,59.375
P2-D6,P2,True,A1,Khosta-2 TRED,8.119996,0.08510298,73.51021783478264,4.310936268125752,0.8901013144500889,78.64583333333334
P2-D7,P2,False,A1,Khosta-2 TRED,7.0226927,0.07476095,70.14363143766776,4.2647008115721095,0.8620349337890034,77.08333333333334
P2-D8,P2,False,A1,Khosta-2 TRED,0.9733186,0.05813253,11.657860257589112,2.5382783864429967,-0.1859579395871077,49.47916666666667
P2-D9,P2,False,A1,Khosta-2 TRED,38.466072,0.24429737,142.6491173894422,4.967373641232683,1.288579507747625,90.625
P2-D10,P2,False,A1,Khosta-2 TRED,6.381787,0.14704596,37.01651866525417,3.6380207669881814,0.48162037762273735,60.9375
P2-D11,P2,False,A1,Khosta-2 TRED,9.230065,0.04481271,131.53766446901983,4.886866865175563,1.2397093550328053,89.58333333333334
P2-D12,P2,False,A1,Khosta-2 TRED,8.474725,0.08193989,78.98329404854847,4.381817788473888,0.9331286333134633,79.6875
P2-E1,P2,False,A1,Khosta-2 TRED,11.407395,0.06312148,128.92730365798636,4.866975091412604,1.2276344208573924,89.0625
P2-E2,P2,False,A1,Khosta-2 TRED,7.3255587,0.06245129,83.42597218579535,4.435875081583421,0.9659431155098225,82.29166666666666
P2-E3,P2,False,A1,Khosta-2 TRED,5.776364,0.10545915,44.15608222023217,3.8101249822017924,0.5860930654171884,66.14583333333334
P2-E4,P2,False,A1,Khosta-2 TRED,7.6010914,0.6687381,10.95106800083389,2.4808206468387586,-0.22083660007545178,46.875
P2-E5,P2,False,A1,Khosta-2 TRED,6.07758,0.11121121,44.501896879826546,3.817754014754432,0.5907241288403381,66.66666666666666
P2-E6,P2,False,A1,Khosta-2 TRED,1.2177825,0.72864175,1.6150971177635318,0.9613012355513648,-1.143232817134993,15.104166666666666
P2-E7,P2,False,A1,Khosta-2 TRED,1.2593572,0.1122135,9.154214578186002,2.317888848681866,-0.31974134136552657,45.3125
P2-E8,P2,False,A1,Khosta-2 TRED,5.769402,0.06927347,60.96718346905838,4.126604946030833,0.7782063870651966,72.39583333333334
P2-E9,P2,False,A1,Khosta-2 TRED,9.182715,0.0,362.1258547665807,5.8947494815217,1.8515258975869417,97.91666666666666
P2-E10,P2,False,A1,Khosta-2 TRED,1.0372361,0.0,40.90402558581581,3.735381898346876,0.5407216556892085,64.0625
P2-E11,P2,False,A1,Khosta-2 TRED,15.431441,0.0,608.5480995985456,6.412717862294123,2.1659490444266076,99.47916666666666
P2-E12,P2,False,A1,Khosta-2 TRED,17.723734,0.3224048,50.96503764349588,3.9505711394410827,0.671348313343448,69.79166666666666
P2-F1,P2,False,A1,Khosta-2 TRED,5.4769664,0.0,215.98744370568426,5.379839488758879,1.5389592887483055,94.27083333333334
P2-F2,P2,False,A1,Khosta-2 TRED,11.369407,0.08829574,100.03566100976705,4.615473533828054,1.074965041593573,86.45833333333334
P2-F3,P2,False,A1,Khosta-2 TRED,0.76427513,0.0,30.13964657817319,3.43848181689293,0.36049394030532594,56.770833333333336
P2-F4,P2,False,A1,Khosta-2 TRED,5.0008097,0.0679803,53.57736765586615,3.999619285019773,0.7011220849711756,70.3125
P2-F5,P2,False,A1,Khosta-2 TRED,8.586637,0.0,338.6191625456467,5.827824879658118,1.8109005530677273,96.875
P2-F6,P2,True,A1,Khosta-2 TRED,9.149029,0.14162233,54.79112394989751,4.021614787736198,0.7144740489850894,71.35416666666666
P2-F7,P2,False,A1,Khosta-2 TRED,3.8520734,0.0600002,45.128440216499925,3.83142968421896,0.5990256916148142,67.1875
P2-F8,P2,False,A1,Khosta-2 TRED,1.1414092,0.07851102,10.988949330511312,2.4839853363850577,-0.21891553368828334,47.39583333333333
P2-F9,P2,False,A1,Khosta-2 TRED,15.87908,0.0,626.2010111287257,6.441267081166157,2.1832793208889916,100.0
P2-F10,P2,False,A1,Khosta-2 TRED,14.198267,0.20408714,61.88093317725813,4.141242988616081,0.7870921406827498,72.91666666666666
P2-F11,P2,False,A1,Khosta-2 TRED,7.511889,0.06847093,80.05958302963282,4.395184477214971,0.941242635041774,80.20833333333334
P2-F12,P2,False,A1,Khosta-2 TRED,6.022513,0.11379729,43.27914271766847,3.790513747166761,0.5741884270994374,64.58333333333334
P2-G1,P2,False,A1,Khosta-2 TRED,11.518673,0.04486689,164.02597149236257,5.106102864498046,1.3727925225897086,93.22916666666666
P2-G2,P2,False,A1,Khosta-2 TRED,4.064899,0.03882739,63.33079328736114,4.16403841687744,0.8009296847367053,74.47916666666666
P2-G3,P2,False,A1,Khosta-2 TRED,1.7099167,0.11439605,12.235202822677156,2.5828801602822433,-0.15888325586943775,50.0
P2-G4,P2,False,A1,Khosta-2 TRED,1.7829523,0.04946869,23.827822205745587,3.211964887487647,0.22299101850562617,54.6875
P2-G5,P2,True,A1,Khosta-2 TRED,4.7928767,0.2170955,19.76824691600403,3.0334252297038935,0.11461181406011496,54.166666666666664
P2-G6,P2,False,A1,Khosta-2 TRED,13.854043,0.13718803,85.23161129387324,4.4570368307907335,0.9787889648423098,83.33333333333334
P2-G7,P2,False,A1,Khosta-2 TRED,8.820785,0.2627858,30.612461980762372,3.4535514093306667,0.3696416582969116,57.291666666666664
P2-G8,P2,False,A1,Khosta-2 TRED,7.8234696,0.05294045,99.91883088063909,4.614316539090605,1.0742627092896524,85.9375
P2-G9,P2,False,A1,Khosta-2 TRED,5.233578,0.11017096,38.615995601228846,3.6792329660269076,0.5066374825097484,61.458333333333336
P2-G10,P2,False,A1,Khosta-2 TRED,9.768555,0.10962524,72.36875832697204,4.295498209139494,0.8807299256399906,78.125
P2-G11,P2,False,A1,Khosta-2 TRED,5.9227223,0.19107035,27.36576688383651,3.3451830266843956,0.30385863146667674,56.25
P2-G12,P2,True,A1,Khosta-2 TRED,5.299471,0.28086796,17.305764870989297,2.9072160305115466,0.037998848784137486,53.125
P2-H1,P2,False,A1,Khosta-2 TRED,9.030513,0.07828857,87.12811649843597,4.478791625028382,0.9919948112162726,83.85416666666666
P2-H2,P2,False,A1,Khosta-2 TRED,8.911882,0.09833872,72.04634374515952,4.29109408554313,0.8780564836855326,77.60416666666666
P2-H3,P2,False,A1,Khosta-2 TRED,17.624256,0.03231387,305.59642195206067,5.725532296285015,1.7488057280620648,95.3125
P2-H4,P2,False,A1,Khosta-2 TRED,6.893324,0.08403547,63.01415068769769,4.159104163414952,0.797934437230156,73.95833333333334
P2-H5,P2,False,A1,Khosta-2 TRED,8.290213,0.29875425,25.57823135548339,3.28009251064543,0.2643466349006522,55.208333333333336
P2-H6,P2,False,A1,Khosta-2 TRED,7.2503557,0.08984,62.93831739842254,4.15791882796518,0.7972149012198266,73.4375
P2-H7,P2,False,A1,Khosta-2 TRED,4.8735743,0.27066135,16.463712905060362,2.8601251798695233,0.00941321692734058,52.604166666666664
P2-H8,P2,False,A1,Khosta-2 TRED,5.843156,0.63546383,8.842258992036928,2.286685257077936,-0.33868290581039967,44.27083333333333
P2-H9,P2,False,A1,Khosta-2 TRED,11.391883,0.06541113,125.50421162836226,4.840275601118199,1.2114269879927397,88.54166666666666
P2-H10,P2,False,A1,Khosta-2 TRED,7.624307,0.1085991,56.9161200356234,4.058995757498411,0.7371654768421839,71.875
P2-H11,P2,False,A1,Khosta-2 TRED,5.731962,0.09656724,47.01218059883352,3.871454741191338,0.6233221638182426,68.22916666666666
P2-H12,P2,False,A1,Khosta-2 TRED,4.3726034,0.32301226,12.551605037470788,2.606504993260587,-0.14454223698806326,50.520833333333336
P1-A1,P1,False,A1,SARS-1 DAPI,3.4159825,0.0,134.71131170685155,4.910529921560175,1.2876767786096817,93.75
P1-A2,P1,False,A1,SARS-1 DAPI,5.361758,0.05936065,63.289141857529266,4.163390750071498,0.8512505767658106,72.91666666666666
P1-A3,P1,False,A1,SARS-1 DAPI,10.143567,0.0,400.0176277121832,5.994005385722387,1.9205670079804296,98.4375
P1-A4,P1,False,A1,SARS-1 DAPI,2.2657297,0.08327249,20.857255375089213,3.0845329202037703,0.22105764486459636,55.208333333333336
P1-A5,P1,False,A1,SARS-1 DAPI,9.183778,0.0904127,79.32744524727802,4.3861113464592485,0.9813482983994312,78.64583333333334
P1-A6,P1,False,A1,SARS-1 DAPI,4.651313,0.12454996,31.027833382341246,3.4666053179469882,0.4442374910560504,62.5
P1-A7,P1,False,A1,SARS-1 DAPI,8.079123,0.15239055,45.452590699154165,3.8384322376368143,0.6614326489276466,67.1875
P1-A8,P1,False,A1,SARS-1 DAPI,7.654275,0.17577621,38.05559785736883,3.664986217032888,0.5601176718982934,64.0625
P1-A9,P1,False,A1,SARS-1 DAPI,3.833779,0.14271648,22.810027804373156,3.170106828258407,0.2710439085948305,57.8125
P1-A10,P1,False,A1,SARS-1 DAPI,6.2386303,0.09431464,52.130885774535884,3.972758412157793,0.7398965608620194,67.70833333333334
P1-A11,P1,False,A1,SARS-1 DAPI,1.3054473,0.07667574,12.7942958756503,2.6242551643694836,-0.04780427596299166,50.0
P1-A12,P1,False,A1,SARS-1 DAPI,3.188882,0.1114258,23.313335809263684,3.191024998546681,0.28326283373864913,58.854166666666664
P1-B3,P1,False,A1,SARS-1 DAPI,0.0,0.08645002,0.0,0.0,-1.580709734223112,4.947916666666666
P1-B4,P1,False,A1,SARS-1 DAPI,0.6907715,1.0388168,0.6491148163092785,0.5002386689942345,-1.2885054560166977,15.104166666666666
P1-B5,P1,True,A1,SARS-1 DAPI,0.0,0.08908669,0.0,0.0,-1.580709734223112,4.947916666666666
P1-B6,P1,False,A1,SARS-1 DAPI,8.291353,0.07945932,79.1030415642025,4.383313825440814,0.9797141832047731,77.60416666666666
P1-B7,P1,False,A1,SARS-1 DAPI,0.0,0.34715337,0.0,0.0,-1.580709734223112,4.947916666666666
P1-B8,P1,False,A1,SARS-1 DAPI,12.482107,0.10689977,94.37725946424088,4.557840179643705,1.0816602152066306,85.41666666666666
P1-B9,P1,False,A1,SARS-1 DAPI,13.987828,0.16752075,72.5214286399395,4.297576909849105,0.9296327019260671,76.04166666666666
P1-B10,P1,False,A1,SARS-1 DAPI,7.4008713,0.10534553,56.62343338918756,4.053929314642487,0.7873108981414444,70.3125
P1-B11,P1,False,A1,SARS-1 DAPI,0.0,0.16472091,0.0,0.0,-1.580709734223112,4.947916666666666
P1-B12,P1,False,A1,SARS-1 DAPI,0.2384907,0.36290282,0.6142541574265244,0.478873027975064,-1.3009857621173362,14.0625
P1-B1,P1,False,A1,SARS-1 DAPI,4.01124,0.16645417,20.912354948442477,3.087050630644952,0.22252831438256337,56.25
P1-B2,P1,False,A1,SARS-1 DAPI,3.7257802,0.12354451,25.021641370103662,3.2589285521902824,0.32292731813361253,59.895833333333336
P1-C2,P1,False,A1,SARS-1 DAPI,7.845807,0.75664353,10.032984215001271,2.4008893510693845,-0.17827888797683492,46.875
P1-C3,P1,False,A1,SARS-1 DAPI,18.043606,1.4053172,12.611953099061632,2.6109483110745124,-0.05557720457339564,48.95833333333333
P1-C4,P1,False,A1,SARS-1 DAPI,63.129627,1.0927789,56.45966812465773,4.0510832777714585,0.7856484433949534,69.79166666666666
P1-C5,P1,False,A1,SARS-1 DAPI,6.9221725,0.6727146,9.91612402954192,2.3902409649601726,-0.18449892687019231,46.35416666666667
P1-C6,P1,False,A1,SARS-1 DAPI,20.490477,0.31394264,60.3903637731799,4.117252881031556,0.8243000758221226,72.39583333333334
P1-C7,P1,False,A1,SARS-1 DAPI,7.1305737,1.6558977,4.241219552887708,1.6565542103541155,-0.6130671720846388,30.729166666666668
P1-C8,P1,False,A1,SARS-1 DAPI,1.9102826,1.232295,1.5189268453105658,0.923832955785835,-1.0410714400235699,18.75
P1-C9,P1,False,A1,SARS-1 DAPI,11.955756,0.9636453,12.088694160817088,2.571748816413669,-0.07847479477060597,48.4375
P1-C10,P1,False,A1,SARS-1 DAPI,11.49943,0.11919764,79.55030955597383,4.388881952644448,0.9829666918398428,79.16666666666666
P1-C11,P1,False,A1,SARS-1 DAPI,9.369751,1.3365672,6.8797848633368215,2.0643006018900896,-0.37489038285403165,39.0625
P1-C12,P1,False,A1,SARS-1 DAPI,10.241335,1.7955452,5.624316616535861,1.8907472143307276,-0.4762680761139782,35.41666666666667
P1-C1,P1,False,A1,SARS-1 DAPI,5.861041,0.05945717,69.10385041697239,4.2499777200209925,0.9018286000662528,75.0
P1-D1,P1,False,A1,SARS-1 DAPI,0.0,4.627255,0.0,0.0,-1.580709734223112,4.947916666666666
P1-D2,P1,False,A1,SARS-1 DAPI,13.560957,2.2836819,5.872985639874447,1.9275986027839385,-0.45474208455973714,36.45833333333333
P1-D3,P1,False,A1,SARS-1 DAPI,0.40297487,1.1948001,0.3302645255995146,0.2853778138855909,-1.4140120691061344,11.979166666666668
P1-D4,P1,False,A1,SARS-1 DAPI,7.8309336,1.8816534,4.106390985013617,1.6304928895292035,-0.6282903643581593,29.166666666666668
P1-D5,P1,False,A1,SARS-1 DAPI,9.708094,1.6954744,5.641511124675607,1.893339516613577,-0.4747538352837445,35.9375
P1-D6,P1,True,A1,SARS-1 DAPI,11.770784,2.201512,5.285798029143868,1.8382928075925427,-0.5069082545122092,34.89583333333333
P1-D7,P1,False,A1,SARS-1 DAPI,3.486208,1.5018187,2.2827800192053767,1.18869063024502,-0.8863601983908933,23.4375
P1-D8,P1,False,A1,SARS-1 DAPI,0.6773145,2.1724796,0.3081731614904724,0.26863163073329865,-1.423794012534391,11.458333333333332
P1-D9,P1,False,A1,SARS-1 DAPI,19.076607,0.1470321,110.65965581510287,4.715455457440627,1.1737279847286302,90.10416666666666
P1-D10,P1,False,A1,SARS-1 DAPI,0.0,1.73486,0.0,0.0,-1.580709734223112,4.947916666666666
P1-D11,P1,False,A1,SARS-1 DAPI,8.373209,0.9783539,8.342245088903516,2.2345465968999334,-0.2754446359080722,43.22916666666667
P1-D12,P1,False,A1,SARS-1 DAPI,7.000406,1.3904797,4.944356961868858,1.7824423597624914,-0.5395321614734545,34.375
P1-E1,P1,False,A1,SARS-1 DAPI,5.8551908,1.3196851,4.353162861942916,1.6776875753726632,-0.6007225453013211,31.25
P1-E2,P1,False,A1,SARS-1 DAPI,12.193679,0.1862003,57.637495326342965,4.071374343950339,0.7975010583852326,70.83333333333334
P1-E3,P1,False,A1,SARS-1 DAPI,0.0,1.4076873,0.0,0.0,-1.580709734223112,4.947916666666666
P1-E4,P1,False,A1,SARS-1 DAPI,14.67745,2.2200682,6.536599291181272,2.019771057888922,-0.40090141332851076,37.5
P1-E5,P1,False,A1,SARS-1 DAPI,0.0,1.2740448,0.0,0.0,-1.580709734223112,4.947916666666666
P1-E6,P1,True,A1,SARS-1 DAPI,4.327434,1.4582428,2.9168456793560207,1.3652866562450945,-0.7832052095628153,26.041666666666668
P1-E7,P1,False,A1,SARS-1 DAPI,13.022959,1.4324995,8.932944945983396,2.295857004681203,-0.23963140401960895,44.27083333333333
P1-E8,P1,False,A1,SARS-1 DAPI,11.854707,0.07287266,120.6825968238365,4.801415989142087,1.2239400868249481,90.625
P1-E9,P1,False,A1,SARS-1 DAPI,3.8157926,1.66135,2.2622724576242543,1.1824240254270302,-0.8900207085656208,22.916666666666664
P1-E10,P1,False,A1,SARS-1 DAPI,10.553822,1.555151,6.677483858362573,2.038291870870529,-0.39008285585879854,38.02083333333333
P1-E11,P1,False,A1,SARS-1 DAPI,4.3695707,1.8687762,2.3068962913922664,1.1960100731789918,-0.882084694172688,23.958333333333336
P1-E12,P1,False,A1,SARS-1 DAPI,6.1640043,1.6040173,3.783048053207638,1.5650780113145621,-0.666501139448979,28.645833333333332
P1-F1,P1,False,A1,SARS-1 DAPI,7.5251427,1.0879009,6.759563343183395,2.0489260624035746,-0.383871108439372,38.54166666666667
P1-F2,P1,False,A1,SARS-1 DAPI,7.053212,1.5616591,4.444320662243736,1.694572985009699,-0.5908592755442472,32.29166666666667
P1-F3,P1,False,A1,SARS-1 DAPI,0.60982585,1.8052377,0.33312976569646324,0.287529385068003,-1.4127552724142063,12.5
P1-F4,P1,False,A1,SARS-1 DAPI,1.1982452,1.2870772,0.9129939387474426,0.6486695219990674,-1.2018025820604674,15.625
P1-F5,P1,False,A1,SARS-1 DAPI,13.935061,0.9832466,13.81618105175825,2.6957198978452404,-0.006059600557384521,51.041666666666664
P1-F6,P1,True,A1,SARS-1 DAPI,0.9269602,1.4708811,0.6195268683363332,0.48213405000495296,-1.2990809022024186,14.583333333333334
P1-F7,P1,False,A1,SARS-1 DAPI,0.0,1.3012018,0.0,0.0,-1.580709734223112,4.947916666666666
P1-F8,P1,False,A1,SARS-1 DAPI,7.1028566,1.5390793,4.5401995388628915,1.7120305179558526,-0.5806618115536051,33.85416666666667
P1-F9,P1,False,A1,SARS-1 DAPI,4.192357,0.5713789,7.025472038170268,2.0826204882419916,-0.3641891926020986,40.10416666666667
P1-F10,P1,True,A1,SARS-1 DAPI,3.3393817,0.14531979,19.565437384017436,3.023611869825654,0.18547184821056112,54.166666666666664
P1-F11,P1,False,A1,SARS-1 DAPI,0.0,1.5520477,0.0,0.0,-1.580709734223112,4.947916666666666
P1-F12,P1,False,A1,SARS-1 DAPI,14.93179,1.7575878,8.374787206070673,2.2380238735797424,-0.2734134552230794,43.75
P1-G1,P1,False,A1,SARS-1 DAPI,0.6372012,1.2404394,0.503399122703068,0.40772862621913486,-1.3425433222422176,13.020833333333334
P1-G2,P1,False,A1,SARS-1 DAPI,11.96511,1.5964483,7.3776452067852,2.125566873428706,-0.339102932257033,41.66666666666667
P1-G3,P1,False,A1,SARS-1 DAPI,7.687091,1.6770625,4.515389648490446,1.707542302701164,-0.583283511514482,33.33333333333333
P1-G4,P1,False,A1,SARS-1 DAPI,2.5418181,1.668724,1.5004104878524753,0.9164549135365985,-1.0453811738439265,18.229166666666664
P1-G5,P1,False,A1,SARS-1 DAPI,0.0,1.4420216,0.0,0.0,-1.580709734223112,4.947916666666666
P1-G6,P1,False,A1,SARS-1 DAPI,3.5665123,1.6881363,2.0814266591288524,1.1253926907568697,-0.9233344066368804,21.354166666666664
P1-G7,P1,False,A1,SARS-1 DAPI,2.0873477,1.2193649,1.6769580083981757,0.984681078348014,-1.0055282426749022,20.3125
P1-G8,P1,False,A1,SARS-1 DAPI,1.9335603,1.681566,1.1327748198249974,0.7574238642140418,-1.1382759376036666,17.1875
P1-G9,P1,False,A1,SARS-1 DAPI,0.5217781,1.8768554,0.27430053581796193,0.24239742871624181,-1.439118189851846,10.9375
P1-G10,P1,False,A1,SARS-1 DAPI,14.910884,2.49551,5.914980547571752,1.9336901520356502,-0.45118382954551756,36.97916666666667
P1-G11,P1,True,A1,SARS-1 DAPI,27.229836,0.30382723,82.71893773541281,4.427465209195974,1.0055043190371946,80.72916666666666
P1-G12,P1,False,A1,SARS-1 DAPI,0.0,2.212814,0.0,0.0,-1.580709734223112,4.947916666666666
P1-H1,P1,True,A1,SARS-1 DAPI,0.73043835,1.333537,0.5375238392258179,0.43017322576585554,-1.3294327643891677,13.541666666666666
P1-H2,P1,False,A1,SARS-1 DAPI,14.71634,1.52525,9.490691327620047,2.3504883237276144,-0.20771962642449263,45.83333333333333
P1-H3,P1,False,A1,SARS-1 DAPI,0.0,2.3534431,0.0,0.0,-1.580709734223112,4.947916666666666
P1-H4,P1,False,A1,SARS-1 DAPI,20.930557,2.9403505,7.057523829973433,2.0866062921928044,-0.3618609660200529,41.14583333333333
P1-H5,P1,False,A1,SARS-1 DAPI,0.5381752,6.0977225,0.08789288619977759,0.08424269340318546,-1.5315010725466076,9.895833333333332
P1-H6,P1,False,A1,SARS-1 DAPI,14.519724,1.9311817,7.421124899343969,2.1307434178276594,-0.3360791587795829,42.1875
P1-H7,P1,False,A1,SARS-1 DAPI,5.455096,2.7419493,1.9712651335299938,1.0889878330002865,-0.9445995663362642,20.833333333333336
P1-H8,P1,False,A1,SARS-1 DAPI,4.5463834,1.6529602,2.708892712823195,1.3107333719157745,-0.8150714047597761,25.520833333333332
P1-H9,P1,True,A1,SARS-1 DAPI,3.1474702,1.8621587,1.6675193038047613,0.9811489408329144,-1.0075914692047516,19.791666666666664
P1-H10,P1,False,A1,SARS-1 DAPI,11.214826,0.22292134,45.17023057192803,3.832335230483643,0.6578712057909261,66.66666666666666
P1-H11,P1,True,A1,SARS-1 DAPI,10.552782,2.8851898,3.6257032869003756,1.5316284214366431,-0.6860400393229722,28.125
P1-H12,P1,False,A1,SARS-1 DAPI,7.010189,1.5451225,4.46372297697717,1.6981304213084678,-0.5887812712427466,32.8125
P2-A10,P2,False,A1,SARS-1 DAPI,17.952663,2.5327284,7.018005491761771,2.0816896991492113,-0.3647328941827163,39.58333333333333
P2-A11,P2,False,A1,SARS-1 DAPI,5.3979125,1.7166786,3.0986221068629796,1.4106508457287468,-0.7567066378487552,27.083333333333332
P2-A12,P2,True,A1,SARS-1 DAPI,2.5451908,1.5377002,1.628340599005283,0.9663526961077952,-1.0162343956277764,19.270833333333336
P2-A1,P2,False,A1,SARS-1 DAPI,4.9485636,1.1433855,4.234089384726312,1.655192881670636,-0.6138623646397396,30.208333333333332
P2-A2,P2,False,A1,SARS-1 DAPI,15.605936,2.0014465,7.699774467618802,2.1632971020623177,-0.31706358402628954,42.70833333333333
P2-A3,P2,False,A1,SARS-1 DAPI,18.69536,0.18992957,86.83909325475062,4.475506655016122,1.0335667557698311,81.77083333333334
P2-A4,P2,False,A1,SARS-1 DAPI,2.6083844,1.9215634,1.3397483164701272,0.8500433665208861,-1.0841741328115213,17.708333333333336
P2-A5,P2,False,A1,SARS-1 DAPI,3.5499787,1.2882279,2.702510159786301,1.3090110111901643,-0.8160774868638444,25.0
P2-A6,P2,False,A1,SARS-1 DAPI,15.158898,2.1267207,7.043840640571429,2.08490666074592,-0.3628537712766964,40.625
P2-A7,P2,False,A1,SARS-1 DAPI,2.410018,0.08977179,20.93308939951927,3.0879964279988514,0.223080782734683,56.770833333333336
P2-A8,P2,False,A1,SARS-1 DAPI,4.2591496,1.8830001,2.2318400547402555,1.173051651420742,-0.8954953908549652,22.395833333333336
P2-A9,P2,False,A1,SARS-1 DAPI,21.076433,0.23164107,82.0098275140276,4.418959004570889,1.0005355920338492,80.20833333333334
P2-B6,P2,False,A1,SARS-1 DAPI,2.6991234,0.0,106.4415446134917,4.676946928633344,1.1512340082282793,88.54166666666666
P2-B7,P2,False,A1,SARS-1 DAPI,25.17442,8.211304,3.056386265610663,1.4002924948932183,-0.7627572585162656,26.5625
P2-B8,P2,False,A1,SARS-1 DAPI,12.254258,0.20373796,53.48967610749322,3.9980112545049096,0.7546474968213196,68.22916666666666
P2-B9,P2,False,A1,SARS-1 DAPI,16.025513,0.6655212,23.195831686880048,3.1861803739830803,0.2804329445047076,58.333333333333336
P2-B10,P2,False,A1,SARS-1 DAPI,1.732534,0.09927879,13.900685184021803,2.7014071973989315,-0.002737479809759657,51.5625
P2-B11,P2,False,A1,SARS-1 DAPI,6.489534,0.0,255.91865224901213,5.548759506575631,1.6604856532102374,96.35416666666666
P2-B12,P2,False,A1,SARS-1 DAPI,1.0032797,0.2827342,3.2564289238279476,1.4484305279358938,-0.7346384023154996,27.604166666666668
P2-B1,P2,False,A1,SARS-1 DAPI,0.0,1.8679203,0.0,0.0,-1.580709734223112,4.947916666666666
P2-B2,P2,False,A1,SARS-1 DAPI,0.0,1.9322281,0.0,0.0,-1.580709734223112,4.947916666666666
P2-B3,P2,False,A1,SARS-1 DAPI,2.5690012,2.6686835,0.9535864205199823,0.6696668733468598,-1.1895374049058025,16.145833333333336
P2-B4,P2,False,A1,SARS-1 DAPI,0.6291489,2.5294476,0.24626098723605327,0.22014785849260352,-1.4521148252792364,10.416666666666668
P2-B5,P2,True,A1,SARS-1 DAPI,4.644908,1.8111145,2.5292556822120322,1.2610869938147449,-0.8440713301508724,24.479166666666664
P2-C1,P2,False,A1,SARS-1 DAPI,6.4641767,0.05617377,79.28433979622864,4.385574580716029,0.9810347575712527,78.125
P2-C2,P2,False,A1,SARS-1 DAPI,0.43187553,0.3969291,1.0227064348905923,0.7044364339089723,-1.1692274709136277,16.666666666666664
P2-C3,P2,False,A1,SARS-1 DAPI,13.19622,0.18105938,63.929853125597404,4.173307504475598,0.8570432478294577,73.4375
P2-C4,P2,True,A1,SARS-1 DAPI,6.777209,0.3325539,18.93542178140586,2.9924981384427456,0.1672973927264814,53.645833333333336
P2-C5,P2,False,A1,SARS-1 DAPI,23.432014,0.0253578,462.02773899944,6.13778696373749,2.004554102196384,100.0
P2-C6,P2,False,A1,SARS-1 DAPI,4.0468326,0.10289878,31.552631451735262,3.482858208758212,0.45373128776275,63.020833333333336
P2-C7,P2,False,A1,SARS-1 DAPI,5.39042,0.03565658,88.3467143319329,4.492524467923507,1.0435073662133458,82.8125
P2-C8,P2,False,A1,SARS-1 DAPI,6.8755097,0.04421486,98.82487891076752,4.603417439933448,1.108283247912932,85.9375
P2-C9,P2,False,A1,SARS-1 DAPI,8.730073,0.3927551,20.87970258750687,3.0855593845686573,0.2216572332159916,55.729166666666664
P2-C10,P2,False,A1,SARS-1 DAPI,16.312056,0.15651572,89.68901025283944,4.507436183879573,1.0522177428152228,83.85416666666666
P2-C11,P2,False,A1,SARS-1 DAPI,10.348019,0.0,408.0803145383275,6.013911504829488,1.932194763941951,98.95833333333334
P2-C12,P2,True,A1,SARS-1 DAPI,0.0,0.18373063,0.0,0.0,-1.580709734223112,4.947916666666666
P2-D1,P2,False,A1,SARS-1 DAPI,8.0802145,0.11983388,55.65204907058036,4.036928157527379,0.7773800168413599,69.27083333333334
P2-D2,P2,False,A1,SARS-1 DAPI,22.610382,0.10687077,170.99467989406529,5.147463545486627,1.4260767521692161,94.79166666666666
P2-D3,P2,False,A1,SARS-1 DAPI,1.7482349,0.08857124,15.34494541514613,2.7939187006261577,0.05130123950926508,52.083333333333336
P2-D4,P2,False,A1,SARS-1 DAPI,10.96793,0.13042969,70.40314982929632,4.268341983628741,0.9125557123926215,75.52083333333334
P2-D5,P2,False,A1,SARS-1 DAPI,17.206964,1.3341607,12.656660427938272,2.6142273460639807,-0.053661822753278514,49.47916666666667
P2-D6,P2,True,A1,SARS-1 DAPI,1.0008966,0.08510298,9.061103859668563,2.308676886253209,-0.23214293006982117,44.79166666666667
P2-D7,P2,False,A1,SARS-1 DAPI,4.401115,0.07476095,43.958948748361315,3.8057498233806086,0.6423418791417395,66.14583333333334
P2-D8,P2,False,A1,SARS-1 DAPI,7.2792687,0.05813253,87.18696764044411,4.479459192916645,1.0358755506629322,82.29166666666666
P2-D9,P2,False,A1,SARS-1 DAPI,36.257607,0.24429737,134.4591575974605,4.908670174938693,1.2865904453194752,93.22916666666666
P2-D10,P2,False,A1,SARS-1 DAPI,1.5737045,0.14704596,9.128017277581417,2.315305571322701,-0.22827091805587021,45.3125
P2-D11,P2,False,A1,SARS-1 DAPI,1.8615583,0.04481271,26.52906897783699,3.315242500124141,0.3558219692849339,61.458333333333336
P2-D12,P2,False,A1,SARS-1 DAPI,6.2004657,0.08193989,57.78750409258577,4.073929316887762,0.7989934940350347,71.35416666666666
P2-E1,P2,False,A1,SARS-1 DAPI,5.151416,0.06312148,58.22172151491288,4.081288392073839,0.803292148629926,71.875
P2-E2,P2,False,A1,SARS-1 DAPI,14.851525,0.06245129,169.13425477931727,5.136587859370437,1.4197239405843576,94.27083333333334
P2-E3,P2,False,A1,SARS-1 DAPI,12.11264,0.10545915,92.59228257500271,4.5389479289625,1.0706246899340737,84.375
P2-E4,P2,False,A1,SARS-1 DAPI,3.0447667,0.6687381,4.386665733078095,1.6839265911101144,-0.5970781507287347,31.770833333333332
P2-E5,P2,False,A1,SARS-1 DAPI,11.176619,0.11121121,81.83861770690145,4.416894350088087,0.9993295659701189,79.6875
P2-E6,P2,False,A1,SARS-1 DAPI,8.581867,0.72864175,11.381793264995983,2.5162271085431795,-0.11090667494832719,47.39583333333333
P2-E7,P2,False,A1,SARS-1 DAPI,8.96444,0.1122135,65.16213774239249,4.192108361898268,0.868025387582665,73.95833333333334
P2-E8,P2,False,A1,SARS-1 DAPI,10.109595,0.06927347,106.83144165770997,4.680569282532048,1.1533499328298442,89.0625
P2-E9,P2,False,A1,SARS-1 DAPI,8.548311,0.0,337.10775382722477,5.8233646429830355,1.8208906771501687,96.875
P2-E10,P2,False,A1,SARS-1 DAPI,9.705277,0.0,382.73339958513753,5.94994803955567,1.8948318022990709,97.91666666666666
P2-E11,P2,False,A1,SARS-1 DAPI,0.61264896,0.0,24.16017793341694,3.225262503882628,0.303261978455696,59.375
P2-E12,P2,False,A1,SARS-1 DAPI,7.647188,0.3224048,21.98967916618981,3.1350453833140683,0.25056347625753667,57.291666666666664
P2-F1,P2,False,A1,SARS-1 DAPI,9.21123,0.0,363.2503608357192,5.897841435701369,1.8643947859051841,97.39583333333334
P2-F2,P2,False,A1,SARS-1 DAPI,11.646208,0.08829574,102.47114168199248,4.639292749498119,1.129239082770427,87.5
P2-F3,P2,False,A1,SARS-1 DAPI,11.239904,0.0,443.25233261560544,6.096392717703262,1.9803744924739901,99.47916666666666
P2-F4,P2,False,A1,SARS-1 DAPI,0.3929876,0.0679803,4.210366399144616,1.6506501794239132,-0.6165158920725131,29.6875
P2-F5,P2,False,A1,SARS-1 DAPI,5.848432,0.0,230.63641167609177,5.445168951286523,1.5999753302115884,95.83333333333334
P2-F6,P2,True,A1,SARS-1 DAPI,6.994422,0.14162233,41.88775035688378,3.758586245693237,0.6147922312836899,65.10416666666666
P2-F7,P2,False,A1,SARS-1 DAPI,6.369823,0.0600002,74.6247920522974,4.325784166625538,0.9461093991856218,76.5625
P2-F8,P2,False,A1,SARS-1 DAPI,12.587866,0.07851102,121.19003566229019,4.805577502187707,1.2263709503129445,91.14583333333334
P2-F9,P2,False,A1,SARS-1 DAPI,0.0,0.0,0.0,0.0,-1.580709734223112,4.947916666666666
P2-F10,P2,False,A1,SARS-1 DAPI,5.971036,0.20408714,26.023829507854913,3.296719051129576,0.3450018720416868,60.416666666666664
P2-F11,P2,False,A1,SARS-1 DAPI,9.948517,0.06847093,106.02847336844484,4.673094905309067,1.1489839268873712,88.02083333333334
P2-F12,P2,False,A1,SARS-1 DAPI,12.3509,0.11379729,88.7563652899797,4.497098947304537,1.0461794556149742,83.33333333333334
P2-G1,P2,False,A1,SARS-1 DAPI,8.579047,0.04486689,122.16567990545774,4.813530440095017,1.2310164977783142,91.66666666666666
P2-G2,P2,False,A1,SARS-1 DAPI,11.349708,0.03882739,176.8275204918767,5.180814094520966,1.445557799342079,95.3125
P2-G3,P2,False,A1,SARS-1 DAPI,13.916737,0.11439605,99.58034787592612,4.610956889436646,1.1126872645088202,86.45833333333334
P2-G4,P2,False,A1,SARS-1 DAPI,9.915192,0.04946869,132.50911542155725,4.8941697558206005,1.278120319428145,92.70833333333334
P2-G5,P2,True,A1,SARS-1 DAPI,4.114436,0.2170955,16.97001443164519,2.8887045038917054,0.10666844509357343,52.604166666666664
P2-G6,P2,False,A1,SARS-1 DAPI,3.1846628,0.13718803,19.59239926364152,3.0249220399257823,0.18623715751622785,54.6875
P2-G7,P2,False,A1,SARS-1 DAPI,3.913741,0.2627858,13.582606033935857,2.679829450933182,-0.015341683007449628,50.520833333333336
P2-G8,P2,False,A1,SARS-1 DAPI,9.858635,0.05294045,125.9113070854074,4.843488473078841,1.2485158754696115,92.1875
P2-G9,P2,False,A1,SARS-1 DAPI,9.146343,0.11017096,67.4863623042076,4.226634634997521,0.8881932101350656,74.47916666666666
P2-G10,P2,False,A1,SARS-1 DAPI,10.602698,0.10962524,78.5483717065492,4.376365285769143,0.9756553346086992,77.08333333333334
P2-G11,P2,False,A1,SARS-1 DAPI,0.45464376,0.19107035,2.1006683280340384,1.1316176779433826,-0.9196982065579533,21.875
P2-G12,P2,True,A1,SARS-1 DAPI,12.248774,0.28086796,39.99916270923778,3.7135516447698738,0.588486182046067,64.58333333333334
P2-H1,P2,False,A1,SARS-1 DAPI,0.0,0.07828857,0.0,0.0,-1.580709734223112,4.947916666666666
P2-H2,P2,False,A1,SARS-1 DAPI,6.6439886,0.09833872,53.71200903630918,4.002083228957157,0.757026058155025,68.75
P2-H3,P2,False,A1,SARS-1 DAPI,4.955489,0.03231387,85.9258800724862,4.465055802346397,1.0274621020309695,81.25
P2-H4,P2,False,A1,SARS-1 DAPI,1.9307392,0.08403547,17.64952450914028,2.925820650276352,0.12834908962658195,53.125
P2-H5,P2,False,A1,SARS-1 DAPI,13.7944355,0.29875425,42.56069930136816,3.7741553516863164,0.6238866089498022,65.625
P2-H6,P2,False,A1,SARS-1 DAPI,3.0327947,0.08984,26.326845651566263,3.3078695762121844,0.35151522523754625,60.9375
P2-H7,P2,False,A1,SARS-1 DAPI,8.890691,0.27066135,30.034175153870958,3.435089021580113,0.4258278853969398,61.979166666666664
P2-H8,P2,False,A1,SARS-1 DAPI,21.549433,0.63546383,32.61005999455557,3.514825426756414,0.4724042901522142,63.541666666666664
P2-H9,P2,False,A1,SARS-1 DAPI,9.961133,0.06541113,109.74165939821039,4.707200095915119,1.1689057826370883,89.58333333333334
P2-H10,P2,False,A1,SARS-1 DAPI,12.616132,0.1085991,94.18053120070711,4.555775416689232,1.0804541257813725,84.89583333333334
P2-H11,P2,False,A1,SARS-1 DAPI,12.359157,0.09656724,101.36684802399901,4.628562910421503,1.1229714647772855,86.97916666666666
P2-H12,P2,False,A1,SARS-1 DAPI,3.9872298,0.32301226,11.445385978347279,2.5213499500712144,-0.10791427091431892,47.91666666666667
P1-A1,P1,False,A1,Yun11 PE,12.000159,0.0,473.233442964295,6.161699696164134,1.65897583631697,95.3125
P1-A2,P1,False,A1,Yun11 PE,27.210026,0.05936065,321.1818204889254,5.775116046087486,1.452000708946619,93.75
P1-A3,P1,False,A1,Yun11 PE,21.348814,0.0,841.9032408174211,6.736852171838163,1.966909854960548,98.95833333333334
P1-A4,P1,False,A1,Yun11 PE,13.72903,0.08327249,126.38307418676688,4.847198878635097,0.9551980793358867,80.20833333333334
P1-A5,P1,False,A1,Yun11 PE,7.7567415,0.0904127,67.0010192579284,4.219522694150954,0.6191431059680695,65.625
P1-A6,P1,False,A1,Yun11 PE,8.607793,0.12454996,57.42059650547776,4.067668507545566,0.5378410653666638,63.541666666666664
P1-A7,P1,False,A1,Yun11 PE,7.108601,0.15239055,39.99250063362051,3.7133891385988727,0.3481615031350719,57.8125
P1-A8,P1,False,A1,Yun11 PE,6.8954754,0.17577621,34.28299072842032,3.5634009987594424,0.2678585354820088,56.770833333333336
P1-A9,P1,False,A1,Yun11 PE,7.1951227,0.14271648,42.80918353480377,3.77984346514915,0.3837408472157837,59.375
P1-A10,P1,False,A1,Yun11 PE,6.033192,0.09431464,50.41421399948058,3.9399146711866986,0.4694422426353223,60.9375
P1-A11,P1,False,A1,Yun11 PE,15.39124,0.07667574,150.84490844873164,5.022859660792841,1.0492460628806282,83.85416666666666
P1-A12,P1,False,A1,Yun11 PE,13.805096,0.1114258,100.92654382542936,4.624252395271298,0.8358335465062,75.0
P1-B3,P1,False,A1,Yun11 PE,23.674273,0.08645002,211.74076196101487,5.360074344470837,1.22978927026037,90.10416666666666
P1-B4,P1,False,A1,Yun11 PE,25.59511,1.0388168,24.05160769670691,3.2209380049807153,0.08450540675312905,54.166666666666664
P1-B5,P1,True,A1,Yun11 PE,27.883556,0.08908669,243.64262534613943,5.499798473590385,1.3045969332732679,91.66666666666666
P1-B6,P1,False,A1,Yun11 PE,19.33054,0.07945932,184.42159067144755,5.222632100890004,1.1562033183827634,88.54166666666666
P1-B7,P1,False,A1,Yun11 PE,27.591513,0.34715337,74.06895476449739,4.318407088009857,0.6720853605352983,69.27083333333334
P1-B8,P1,False,A1,Yun11 PE,22.100637,0.10689977,167.10300211927378,5.124576899382247,1.1037050096276737,85.41666666666666
P1-B9,P1,False,A1,Yun11 PE,24.543732,0.16752075,127.24967084209209,4.8539789175141905,0.9588280813038906,80.72916666666666
P1-B10,P1,False,A1,Yun11 PE,23.11155,0.10534553,176.8244925358826,5.180797066887868,1.1338050315193167,87.5
P1-B11,P1,False,A1,Yun11 PE,31.154829,0.16472091,163.9048844554974,5.105368849839406,1.0934211072953397,84.89583333333334
P1-B12,P1,False,A1,Yun11 PE,26.619791,0.36290282,68.56165582798482,4.2422134935153695,0.6312916567090381,66.66666666666666
P1-B1,P1,False,A1,Yun11 PE,8.9896755,0.16645417,46.867124611670484,3.86842893499643,0.43116910472529785,59.895833333333336
P1-B2,P1,False,A1,Yun11 PE,9.291685,0.12354451,62.40121459499185,4.149483018909389,0.5816441825106838,64.0625
P1-C2,P1,False,A1,Yun11 PE,12.055903,0.75664353,15.416729534206805,2.7983009084374864,-0.14177257181923547,49.47916666666667
P1-C3,P1,False,A1,Yun11 PE,3.1749282,1.4053172,2.2191819945130793,1.1691272883118582,-1.0140247156102666,17.708333333333336
P1-C4,P1,False,A1,Yun11 PE,3.6556423,1.0927789,3.2694055208097534,1.4514745952554124,-0.8628572520982141,20.3125
P1-C5,P1,False,A1,Yun11 PE,10.287866,0.6727146,14.73753438755063,2.756048584438809,-0.16439427384824173,48.95833333333333
P1-C6,P1,False,A1,Yun11 PE,1.9592519,0.31394264,5.77438655841413,1.913148817782806,-0.6156789738852855,28.125
P1-C7,P1,False,A1,Yun11 PE,0.46139643,1.6558977,0.27443564050794184,0.24250344572291468,-1.5101349049734873,10.9375
P1-C8,P1,False,A1,Yun11 PE,14.641182,1.232295,11.641672487032988,2.536998696977691,-0.2816725869603892,44.27083333333333
P1-C9,P1,False,A1,Yun11 PE,0.0,0.9636453,0.0,0.0,-1.639970146469856,3.125
P1-C10,P1,False,A1,Yun11 PE,12.314874,0.11919764,85.19135634051545,4.456569898169848,0.7460571004809479,71.875
P1-C11,P1,False,A1,Yun11 PE,9.538368,1.3365672,7.003592708849606,2.079890529475929,-0.5264062200872602,31.770833333333332
P1-C12,P1,False,A1,Yun11 PE,6.2329283,1.7955452,3.4229875506822713,1.4868153842049214,-0.8439359544883875,21.875
P1-C1,P1,False,A1,Yun11 PE,15.566062,0.05945717,183.5296528431243,5.217810170583437,1.153621678835476,88.02083333333334
P1-D1,P1,False,A1,Yun11 PE,17.085659,4.627255,3.672271846907183,1.5416454302430902,-0.8145801973056351,22.395833333333336
P1-D2,P1,False,A1,Yun11 PE,0.47296154,2.2836819,0.2048304063373185,0.18633881540880456,-1.540205192505479,8.333333333333332
P1-D3,P1,False,A1,Yun11 PE,5.541676,1.1948001,4.541769552940648,1.7123138636456403,-0.7232050945702054,26.041666666666668
P1-D4,P1,False,A1,Yun11 PE,4.8832393,1.8816534,2.5606767805034387,1.269950633678904,-0.9600443552274318,19.270833333333336
P1-D5,P1,False,A1,Yun11 PE,0.64092654,1.6954744,0.37245150340631705,0.316598559282784,-1.47046471829194,11.979166666666668
P1-D6,P1,True,A1,Yun11 PE,1.2617297,2.201512,0.5665933859267389,0.44890344401354215,-1.3996292849686764,13.541666666666666
P1-D7,P1,False,A1,Yun11 PE,6.6337395,1.5018187,4.34379359556672,1.675935811904363,-0.7426817379594001,24.479166666666664
P1-D8,P1,False,A1,Yun11 PE,7.265936,2.1724796,3.305947928632027,1.459997306122195,-0.8582942314768215,20.833333333333336
P1-D9,P1,False,A1,Yun11 PE,1.0624789,0.1470321,6.163231720651848,1.968961236774278,-0.5857972586929411,29.6875
P1-D10,P1,False,A1,Yun11 PE,12.645953,1.73486,7.184311509632501,2.102219091174266,-0.5144516097445989,32.8125
P1-D11,P1,False,A1,Yun11 PE,4.469765,0.9783539,4.453235924220072,1.6962091800401258,-0.7318274688994086,25.0
P1-D12,P1,False,A1,Yun11 PE,9.395319,1.3904797,6.635873820265391,2.0328573814034256,-0.5515875535735701,30.208333333333332
P1-E1,P1,False,A1,Yun11 PE,7.7381334,1.3196851,5.7530755338733055,1.909998035762389,-0.6173658882435692,27.604166666666668
P1-E2,P1,False,A1,Yun11 PE,0.0,0.1862003,0.0,0.0,-1.639970146469856,3.125
P1-E3,P1,False,A1,Yun11 PE,12.737488,1.4076873,8.888406931505505,2.291363053944733,-0.4131847926456645,37.5
P1-E4,P1,False,A1,Yun11 PE,1.9179851,2.2200682,0.8541742635918529,0.6174394560339332,-1.3093958709391504,14.0625
P1-E5,P1,False,A1,Yun11 PE,16.44552,1.2740448,12.656216018037826,2.614194803911098,-0.2403421425355688,45.3125
P1-E6,P1,True,A1,Yun11 PE,12.98815,1.4582428,8.75447879975244,2.2777265436115512,-0.4204857182345709,36.97916666666667
P1-E7,P1,False,A1,Yun11 PE,0.39754817,1.4324995,0.2726934728110906,0.2411354993872424,-1.5108672972177155,10.416666666666668
P1-E8,P1,False,A1,Yun11 PE,24.104626,0.07287266,245.38850780094074,5.506909590153406,1.3084041927269074,92.1875
P1-E9,P1,False,A1,Yun11 PE,16.535915,1.66135,9.803663088532582,2.3798852514875106,-0.3657904108401043,41.14583333333333
P1-E10,P1,False,A1,Yun11 PE,0.34294078,1.555151,0.21698125312557576,0.19637340971712738,-1.5348327163682622,9.375
P1-E11,P1,False,A1,Yun11 PE,12.8463955,1.8687762,6.782199939391827,2.0518390667781667,-0.5414248455869234,30.729166666666668
P1-E12,P1,False,A1,Yun11 PE,5.5559654,1.6040173,3.4098749882700425,1.4838463417259053,-0.8455255663230848,21.354166666666664
P1-F1,P1,False,A1,Yun11 PE,0.0,1.0879009,0.0,0.0,-1.639970146469856,3.125
P1-F2,P1,False,A1,Yun11 PE,14.127187,1.5616591,8.901724360969313,2.2927089198490274,-0.4124642221639344,38.02083333333333
P1-F3,P1,False,A1,Yun11 PE,19.37306,1.8052377,10.582927795900295,2.4495322723039386,-0.32850171277543555,43.22916666666667
P1-F4,P1,False,A1,Yun11 PE,11.420513,1.2870772,8.701774183102401,2.2723087742586445,-0.4233863672963166,35.9375
P1-F5,P1,False,A1,Yun11 PE,18.33652,0.9832466,18.18009122308013,2.9538728256004014,-0.058480075192283265,51.5625
P1-F6,P1,True,A1,Yun11 PE,20.784458,1.4708811,13.891135967658641,2.700766134427885,-0.19399224605965695,46.875
P1-F7,P1,False,A1,Yun11 PE,12.803249,1.3012018,9.651469108511971,2.36569782710319,-0.3733862933054382,40.625
P1-F8,P1,False,A1,Yun11 PE,0.0,1.5390793,0.0,0.0,-1.639970146469856,3.125
P1-F9,P1,False,A1,Yun11 PE,3.2448885,0.5713789,5.437722365659763,1.8621748076316949,-0.6429702269983232,27.083333333333332
P1-F10,P1,True,A1,Yun11 PE,2.7533796,0.14531979,16.132051079465093,2.840951041272442,-0.11893788474923887,50.0
P1-F11,P1,False,A1,Yun11 PE,15.089716,1.5520477,9.566161649620215,2.3576565976616477,-0.3776915309624044,40.10416666666667
P1-F12,P1,False,A1,Yun11 PE,0.6807736,1.7575878,0.38182522226140825,0.3234052500984785,-1.4668204469983412,12.5
P1-G1,P1,False,A1,Yun11 PE,5.7057858,1.2404394,4.5076618908621375,1.7061401938809837,-0.7265104492732016,25.520833333333332
P1-G2,P1,False,A1,Yun11 PE,0.0,1.5964483,0.0,0.0,-1.639970146469856,3.125
P1-G3,P1,False,A1,Yun11 PE,0.35735032,1.6770625,0.20990722443805446,0.19054368265091012,-1.5379539257153867,8.854166666666668
P1-G4,P1,False,A1,Yun11 PE,6.2540984,1.668724,3.691733421609275,1.545802113663372,-0.8123547279145202,22.916666666666664
P1-G5,P1,False,A1,Yun11 PE,14.910567,1.4420216,10.16135772384429,2.4124576093958847,-0.3483513186138766,41.66666666666667
P1-G6,P1,False,A1,Yun11 PE,11.6748,1.6881363,6.813446279155556,2.055846131459544,-0.5392794813878817,31.25
P1-G7,P1,False,A1,Yun11 PE,21.447113,1.2193649,17.23043453774885,2.90309242481619,-0.08566767073116809,50.520833333333336
P1-G8,P1,False,A1,Yun11 PE,17.536118,1.681566,10.273521290171242,2.422456727357415,-0.342997836351322,42.1875
P1-G9,P1,False,A1,Yun11 PE,19.659136,1.8768554,10.334875186440721,2.427884272557069,-0.3400919533457061,42.70833333333333
P1-G10,P1,False,A1,Yun11 PE,0.23710014,2.49551,0.09405496789637283,0.08989094761541237,-1.5918429421029547,6.770833333333333
P1-G11,P1,True,A1,Yun11 PE,0.32744795,0.30382723,0.9947230893215284,0.6905052383627912,-1.2702767835154292,15.104166666666666
P1-G12,P1,False,A1,Yun11 PE,16.80981,2.212814,7.5105092468772945,2.1413017817910385,-0.49352691500704693,33.85416666666667
P1-H1,P1,True,A1,Yun11 PE,11.657962,1.333537,8.579002583570118,2.2595734721126,-0.4302047901221521,35.41666666666667
P1-H2,P1,False,A1,Yun11 PE,0.3006808,1.52525,0.19391157454515578,0.1772349540580824,-1.545079358451851,7.8125
P1-H3,P1,False,A1,Yun11 PE,10.197386,2.3534431,4.286775744872133,1.6652085600253879,-0.7484250598084863,23.958333333333336
P1-H4,P1,False,A1,Yun11 PE,0.8876086,2.9403505,0.29929059442562167,0.26181841892523927,-1.4997937562003474,11.458333333333332
P1-H5,P1,False,A1,Yun11 PE,70.24735,6.0977225,11.472550833605759,2.5235302963996515,-0.2888835073512593,43.75
P1-H6,P1,False,A1,Yun11 PE,0.48393717,1.9311817,0.24734341933807114,0.22101602520513508,-1.5216391721551075,9.895833333333332
P1-H7,P1,False,A1,Yun11 PE,21.078289,2.7419493,7.616895501045041,2.1537248691149355,-0.4868756505764721,34.375
P1-H8,P1,False,A1,Yun11 PE,12.455507,1.6529602,7.4214225194510215,2.1307787592875567,-0.4991608933776981,33.33333333333333
P1-H9,P1,True,A1,Yun11 PE,7.867906,1.8621587,4.168390580956511,1.642561340434988,-0.7605502781367265,23.4375
P1-H10,P1,False,A1,Yun11 PE,0.23854457,0.22292134,0.9607918329344947,0.673348388053005,-1.2794624831109447,14.583333333333334
P1-H11,P1,True,A1,Yun11 PE,3.9216275,2.8851898,1.3473847670452117,0.8533018433747726,-1.1831162218850162,16.666666666666664
P1-H12,P1,False,A1,Yun11 PE,14.415112,1.5451225,9.178791991214407,2.320306339170963,-0.39768868942187957,39.58333333333333
P2-A10,P2,False,A1,Yun11 PE,0.20875616,2.5327284,0.08160638214615286,0.07844732694203183,-1.5979698045452264,6.25
P2-A11,P2,False,A1,Yun11 PE,4.1034746,1.7166786,2.3555619159278187,1.210619242517986,-0.9918101121086561,18.75
P2-A12,P2,True,A1,Yun11 PE,3.5012097,1.5377002,2.2399742683892727,1.1755653879175385,-1.0105777863734908,18.229166666666664
P2-A1,P2,False,A1,Yun11 PE,13.947825,1.1433855,11.934036327737664,2.559862311721374,-0.26943151165163753,44.79166666666667
P2-A2,P2,False,A1,Yun11 PE,0.0,2.0014465,0.0,0.0,-1.639970146469856,3.125
P2-A3,P2,False,A1,Yun11 PE,0.5758629,0.18992957,2.674856866893771,1.3015141841223075,-0.9431453739280709,19.791666666666664
P2-A4,P2,False,A1,Yun11 PE,17.567036,1.9215634,9.022982542899015,2.3048807103370335,-0.4059475009159437,39.0625
P2-A5,P2,False,A1,Yun11 PE,11.492911,1.2882279,8.74926622602545,2.2771920233084804,-0.4207718979728713,36.45833333333333
P2-A6,P2,False,A1,Yun11 PE,1.1707926,2.1267207,0.5440287610326482,0.4343950790409114,-1.407396997564774,13.020833333333334
P2-A7,P2,False,A1,Yun11 PE,2.1530495,0.08977179,18.701095869445897,2.980674262087424,-0.04413070803847326,52.083333333333336
P2-A8,P2,False,A1,Yun11 PE,16.15169,1.8830001,8.463658729843075,2.2474590662037546,-0.436690787927549,34.89583333333333
P2-A9,P2,False,A1,Yun11 PE,0.0,0.23164107,0.0,0.0,-1.639970146469856,3.125
P2-B6,P2,False,A1,Yun11 PE,14.797368,0.0,583.5430518420368,6.370830434045749,1.7709434818744598,97.91666666666666
P2-B7,P2,False,A1,Yun11 PE,8.4309635,8.211304,1.023589860154268,0.7048730926276106,-1.2625842997129972,15.625
P2-B8,P2,False,A1,Yun11 PE,34.196903,0.20373796,149.2690349223399,5.012427253726068,1.0436605996025083,83.33333333333334
P2-B9,P2,False,A1,Yun11 PE,34.67192,0.6655212,50.18522780400041,3.9354509709626004,0.46705239784431113,60.416666666666664
P2-B10,P2,False,A1,Yun11 PE,21.397959,0.09927879,171.68280197653033,5.151456396965928,1.118096170337472,86.45833333333334
P2-B11,P2,False,A1,Yun11 PE,0.3400398,0.0,13.409672763410075,2.6678997007605223,-0.21158878510925946,46.35416666666667
P2-B12,P2,False,A1,Yun11 PE,20.486141,0.2827342,66.49358308557184,4.212032527960547,0.6151329050685302,65.10416666666666
P2-B1,P2,False,A1,Yun11 PE,0.0,1.8679203,0.0,0.0,-1.639970146469856,3.125
P2-B2,P2,False,A1,Yun11 PE,0.0,1.9322281,0.0,0.0,-1.639970146469856,3.125
P2-B3,P2,False,A1,Yun11 PE,0.3358169,2.6686835,0.12465172675712133,0.11747341151188262,-1.5770754164276495,7.291666666666667
P2-B4,P2,False,A1,Yun11 PE,3.6204488,2.5294476,1.4171133347377456,0.8825739912871954,-1.1674440470753051,17.1875
P2-B5,P2,True,A1,Yun11 PE,11.227928,1.8111145,6.113856440960204,1.9620444935307177,-0.589500451555702,29.166666666666668
P2-C1,P2,False,A1,Yun11 PE,29.874578,0.05617377,366.41730313791334,5.9064982678557945,1.5223421527177246,94.79166666666666
P2-C2,P2,False,A1,Yun11 PE,5.5192227,0.3969291,13.069841143544828,2.6440335806250923,-0.22436659724354743,45.83333333333333
P2-C3,P2,False,A1,Yun11 PE,11.251735,0.18105938,54.50968276962219,4.016557469852777,0.5104764483312604,61.979166666666664
P2-C4,P2,True,A1,Yun11 PE,8.950008,0.3325539,25.006190074255745,3.258334589464056,0.10452736793829785,55.208333333333336
P2-C5,P2,False,A1,Yun11 PE,0.23576006,0.0253578,4.648669442932746,1.7314200205985553,-0.712975745066926,26.5625
P2-C6,P2,False,A1,Yun11 PE,12.263607,0.10289878,95.61776089772547,4.570762584543154,0.8071953452106239,73.95833333333334
P2-C7,P2,False,A1,Yun11 PE,33.99309,0.03565658,557.1324333706251,6.324596270011279,1.7461899208068903,96.875
P2-C8,P2,False,A1,Yun11 PE,18.312761,0.04421486,263.21777836293734,5.5767736811298585,1.3458091091676259,92.70833333333334
P2-C9,P2,False,A1,Yun11 PE,7.4071264,0.3927551,17.715613175293086,2.929358104661138,-0.07160514524593564,51.041666666666664
P2-C10,P2,False,A1,Yun11 PE,12.312535,0.15651572,67.69833783389687,4.229725004378069,0.6246053764451325,66.14583333333334
P2-C11,P2,False,A1,Yun11 PE,14.731962,0.0,580.9637271372122,6.366408121282677,1.7685757957417771,97.39583333333334
P2-C12,P2,True,A1,Yun11 PE,13.116383,0.18373063,62.73127116598466,4.154675355243469,0.5844241357598267,64.58333333333334
P2-D1,P2,False,A1,Yun11 PE,16.679594,0.11983388,114.87981955990868,4.7525536157710855,0.9045254362160985,78.125
P2-D2,P2,False,A1,Yun11 PE,18.696373,0.10687077,141.39435221904012,4.958600336808197,1.0148419131867201,81.77083333333334
P2-D3,P2,False,A1,Yun11 PE,11.355193,0.08857124,99.66899571873861,4.611837864717981,0.8291868633316624,74.47916666666666
P2-D4,P2,False,A1,Yun11 PE,8.723628,0.13042969,55.99697382633228,4.042998175659085,0.5246326819198709,63.020833333333336
P2-D5,P2,False,A1,Yun11 PE,44.487854,1.3341607,32.72324282457355,3.518187297684475,0.24365132564004854,56.25
P2-D6,P2,True,A1,Yun11 PE,13.096625,0.08510298,118.56357523457648,4.783848240235425,0.9212804357698297,79.16666666666666
P2-D7,P2,False,A1,Yun11 PE,9.052817,0.07476095,90.42079530557461,4.515472972336056,0.777593538391964,72.91666666666666
P2-D8,P2,False,A1,Yun11 PE,0.5958471,0.05813253,7.13671990516746,2.096387138751092,-0.5175740105377131,32.29166666666667
P2-D9,P2,False,A1,Yun11 PE,61.692154,0.24429737,228.78164731645975,5.437129498502401,1.2710442491428522,91.14583333333334
P2-D10,P2,False,A1,Yun11 PE,7.361486,0.14704596,42.69910354623356,3.7773275880749675,0.38239385807701953,58.854166666666664
P2-D11,P2,False,A1,Yun11 PE,15.211039,0.04481271,216.77253022672917,5.383451078700361,1.242305067407247,90.625
P2-D12,P2,False,A1,Yun11 PE,13.203181,0.08193989,123.05186626105372,4.820699754450712,0.9410105688134465,79.6875
P2-E1,P2,False,A1,Yun11 PE,16.645166,0.06312148,188.12501638801763,5.242408258760295,1.166791383328832,89.0625
P2-E2,P2,False,A1,Yun11 PE,11.342338,0.06245129,129.17043098840904,4.868844599438617,0.9667870997702569,81.25
P2-E3,P2,False,A1,Yun11 PE,10.204978,0.10545915,78.00960043786375,4.369569369613435,0.6994774133273883,70.83333333333334
P2-E4,P2,False,A1,Yun11 PE,13.149231,0.6687381,18.94440091059463,2.992948447834031,-0.037559164834906164,52.604166666666664
P2-E5,P2,False,A1,Yun11 PE,10.629515,0.11121121,77.83255513091879,4.3673260477257525,0.6982763489954029,70.3125
P2-E6,P2,False,A1,Yun11 PE,0.808448,0.72864175,1.0722128415063379,0.7286170418563368,-1.2498718973263043,16.145833333333336
P2-E7,P2,False,A1,Yun11 PE,1.2340585,0.1122135,8.970319390745017,2.299612618640673,-0.4087680132413788,38.54166666666667
P2-E8,P2,False,A1,Yun11 PE,9.832424,0.06927347,103.90248381956619,4.653031193096825,0.8512415839240347,76.04166666666666
P2-E9,P2,False,A1,Yun11 PE,18.311779,0.0,722.1359502795984,6.583597240830139,1.8848578621790866,98.4375
P2-E10,P2,False,A1,Yun11 PE,0.615147,0.0,24.25868963395878,3.2291702404365927,0.08891290816112998,54.6875
P2-E11,P2,False,A1,Yun11 PE,23.65691,0.0,932.9243861849214,6.839395477976191,2.0218110745146785,99.47916666666666
P2-E12,P2,False,A1,Yun11 PE,25.193161,0.3224048,72.44356063590507,4.296517228741315,0.6603656294775385,68.75
P2-F1,P2,False,A1,Yun11 PE,8.184071,0.0,322.74373171174153,5.779952251318177,1.454589991223334,94.27083333333334
P2-F2,P2,False,A1,Yun11 PE,19.144218,0.08829574,168.44365780423556,5.1325204692277095,1.107957960781231,85.9375
P2-F3,P2,False,A1,Yun11 PE,0.0,0.0,0.0,0.0,-1.639970146469856,3.125
P2-F4,P2,False,A1,Yun11 PE,6.710285,0.0679803,71.89223907493296,4.288982173469894,0.6563313951682609,68.22916666666666
P2-F5,P2,False,A1,Yun11 PE,13.930889,0.0,549.3729345605692,6.310596111283174,1.738694299521872,96.35416666666666
P2-F6,P2,True,A1,Yun11 PE,12.722016,0.14162233,76.18880162567845,4.346254389846799,0.686994679238971,69.79166666666666
P2-F7,P2,False,A1,Yun11 PE,4.4655075,0.0600002,52.31504369830597,3.97621853709479,0.48887916726696035,61.458333333333336
P2-F8,P2,False,A1,Yun11 PE,0.0,0.07851102,0.0,0.0,-1.639970146469856,3.125
P2-F9,P2,False,A1,Yun11 PE,30.448881,0.0,1200.7698223031966,7.091550601169509,2.156813780215439,100.0
P2-F10,P2,False,A1,Yun11 PE,24.23544,0.20408714,105.6263868795712,4.669331012804121,0.8599684332343003,76.5625
P2-F11,P2,False,A1,Yun11 PE,13.615309,0.06847093,145.10810281669592,4.984346777976435,1.028626440646877,82.8125
P2-F12,P2,False,A1,Yun11 PE,9.914535,0.11379729,71.24809448220688,4.280105952696049,0.6515791069510283,67.70833333333334
P2-G1,P2,False,A1,Yun11 PE,20.928732,0.04486689,298.0252671816707,5.700528075444604,1.4120666488252305,93.22916666666666
P2-G2,P2,False,A1,Yun11 PE,6.5290403,0.03882739,101.7219127963943,4.632025461228499,0.8399952106537416,75.52083333333334
P2-G3,P2,False,A1,Yun11 PE,2.0141852,0.11439605,14.412377190324273,2.7351709002721325,-0.17557209096166365,47.91666666666667
P2-G4,P2,False,A1,Yun11 PE,1.090412,0.04946869,14.572539751630739,2.745509090824282,-0.17003707077680622,48.4375
P2-G5,P2,True,A1,Yun11 PE,3.4815927,0.2170955,14.35984868013758,2.731756876117456,-0.1773999439609291,47.39583333333333
P2-G6,P2,False,A1,Yun11 PE,25.275572,0.13718803,155.4981262822922,5.053044037271425,1.0654066407141989,84.375
P2-G7,P2,False,A1,Yun11 PE,15.758576,0.2627858,54.69000873175736,4.01980075439376,0.5122128881181867,62.5
P2-G8,P2,False,A1,Yun11 PE,13.498264,0.05294045,172.39547499465186,5.1555749682426875,1.1203012346603478,86.97916666666666
P2-G9,P2,False,A1,Yun11 PE,9.46558,0.11017096,69.8418549686428,4.260449997899906,0.6410553981839584,67.1875
P2-G10,P2,False,A1,Yun11 PE,15.898706,0.10962524,117.78298962595598,4.777298211709898,0.9177735802986225,78.64583333333334
P2-G11,P2,False,A1,Yun11 PE,8.048586,0.19107035,37.18825855139454,3.6425281006008356,0.31022282579491256,57.291666666666664
P2-G12,P2,True,A1,Yun11 PE,9.320222,0.28086796,30.435786982780282,3.447946956761994,0.2060449666900905,55.729166666666664
P2-H1,P2,False,A1,Yun11 PE,14.851871,0.07828857,143.29369180994954,4.971850749023496,1.0219361235999838,82.29166666666666
P2-H2,P2,False,A1,Yun11 PE,13.098331,0.09833872,105.89086095550626,4.671808322846982,0.8612947737599677,77.08333333333334
P2-H3,P2,False,A1,Yun11 PE,29.59747,0.03231387,513.2063975258563,6.242624736461619,1.7023027346989936,95.83333333333334
P2-H4,P2,False,A1,Yun11 PE,12.235732,0.08403547,111.85086614560475,4.726067178427752,0.8903447181706345,77.60416666666666
P2-H5,P2,False,A1,Yun11 PE,13.046964,0.29875425,40.254486064310164,3.719759859941689,0.3515723583564682,58.333333333333336
P2-H6,P2,False,A1,Yun11 PE,10.893595,0.08984,94.5642625119577,4.559798927071407,0.8013254528827674,73.4375
P2-H7,P2,False,A1,Yun11 PE,6.43295,0.27066135,21.73153324708891,3.1237530903668196,0.03247304564137592,53.125
P2-H8,P2,False,A1,Yun11 PE,3.848868,0.63546383,5.824367462063856,1.920499657224925,-0.6117433678928698,28.645833333333332
P2-H9,P2,False,A1,Yun11 PE,18.00671,0.06541113,198.37966581736725,5.2952108754840514,1.1950616640810583,89.58333333333334
P2-H10,P2,False,A1,Yun11 PE,11.864813,0.1085991,88.5718690116,4.495041308760414,0.7666545186736748,72.39583333333334
P2-H11,P2,False,A1,Yun11 PE,9.743663,0.09656724,79.91519215413011,4.3934015957312775,0.7122370787588711,71.35416666666666
P2-H12,P2,False,A1,Yun11 PE,8.117428,0.32301226,23.301164284898654,3.190524262157506,0.06822202722221826,53.645833333333336
P1-A1,P1,False,A2,BM4831 PE,4.3110943,0.0,162.04654178593108,5.094035692479161,1.5556954797024547,95.3125
P1-A2,P1,False,A2,BM4831 PE,4.9049096,0.08634094,43.427420729330265,3.7938568628055904,0.7083634570976813,74.47916666666666
P1-A3,P1,False,A2,BM4831 PE,3.435842,0.04459511,48.25677718669715,3.897046966002725,0.7756128822223586,76.04166666666666
P1-A4,P1,False,A2,BM4831 PE,4.6691003,0.0,175.50336508914995,5.17333994185251,1.6073783932286994,95.83333333333334
P1-A5,P1,False,A2,BM4831 PE,3.4316862,0.1673689,17.691570912335976,2.9280726688896936,0.14412824927309065,51.041666666666664
P1-A6,P1,False,A2,BM4831 PE,4.2921195,0.14935072,24.393311417473935,3.2344858093263418,0.3438189842038005,60.416666666666664
P1-A7,P1,False,A2,BM4831 PE,4.055278,0.23096551,15.7443992993582,2.81806383216933,0.07243502677533097,49.47916666666667
P1-A8,P1,False,A2,BM4831 PE,5.233687,0.22569075,20.74433163109188,3.079353108906348,0.24271834956878205,54.6875
P1-A9,P1,False,A2,BM4831 PE,4.7117333,0.18378301,22.39554704552647,3.152545707055123,0.2904182742358144,57.8125
P1-A10,P1,False,A2,BM4831 PE,5.495745,1.640214,3.2971475200907503,1.4579514351532388,-0.8139559542428841,28.645833333333332
P1-A11,P1,False,A2,BM4831 PE,3.3556106,0.0,126.13157019326005,4.845222535969373,1.3935428970388464,90.10416666666666
P1-A12,P1,False,A2,BM4831 PE,3.9477618,0.16215684,20.914087658730576,3.0871297020998054,0.24778638812563272,55.729166666666664
P1-B3,P1,False,A2,BM4831 PE,8.483074,0.07657433,82.2175537161952,4.421458307739363,1.1173739636438655,84.89583333333334
P1-B4,P1,False,A2,BM4831 PE,18.275301,1.5096216,11.896234775145174,2.55693539086726,-0.09774347888736001,45.83333333333333
P1-B5,P1,True,A2,BM4831 PE,19.867092,0.1676091,102.29529771799695,4.637591854450552,1.2582291068809799,88.54166666666666
P1-B6,P1,False,A2,BM4831 PE,6.741101,0.0706239,69.33295415567231,4.253240453641846,1.0077456792128154,81.25
P1-B7,P1,False,A2,BM4831 PE,8.132142,0.07188886,82.56576031716395,4.425633870611601,1.120095195564658,85.9375
P1-B8,P1,False,A2,BM4831 PE,8.445896,0.18391693,40.11902281663328,3.7164708566776032,0.6579306707784367,71.875
P1-B9,P1,False,A2,BM4831 PE,29.53221,0.16178794,156.75937177583825,5.06107090869527,1.5342121911879463,94.27083333333334
P1-B10,P1,False,A2,BM4831 PE,12.459615,0.11083908,90.6528758476324,4.518008352381877,1.180296034625487,86.45833333333334
P1-B11,P1,False,A2,BM4831 PE,16.44153,0.20242406,71.7882621482577,4.287554707975776,1.0301084233718196,81.77083333333334
P1-B12,P1,False,A2,BM4831 PE,66.822815,1.4192766,46.215996458628865,3.8547327431969562,0.7480365248962185,75.0
P1-B1,P1,False,A2,BM4831 PE,3.1005375,0.25484,11.01653241559024,2.486283402927506,-0.14378767717435273,44.79166666666667
P1-B2,P1,False,A2,BM4831 PE,5.1151786,0.17813691,24.983660328641616,3.2574678915663,0.3587965040523141,61.458333333333336
P1-C2,P1,False,A2,BM4831 PE,4.0569525,1.1025333,3.592966347273873,1.524526078357065,-0.7705689787033331,31.770833333333332
P1-C3,P1,False,A2,BM4831 PE,7.4450736,2.0221145,3.6340148333210536,1.533423626980688,-0.764770408768633,32.8125
P1-C4,P1,False,A2,BM4831 PE,6.245853,0.38199806,15.285904911259516,2.790300004348017,0.05434122317987464,48.4375
P1-C5,P1,False,A2,BM4831 PE,3.8141642,0.16768922,19.630964057581615,3.0267930568483905,0.20846474214028482,53.645833333333336
P1-C6,P1,False,A2,BM4831 PE,4.214352,0.2872675,13.426995852284158,2.669101163466828,-0.024644572187209682,47.39583333333333
P1-C7,P1,False,A2,BM4831 PE,2.4929118,1.8008008,1.3641814510889583,0.86043185255806,-1.2033619843298733,14.0625
P1-C8,P1,False,A2,BM4831 PE,10.54597,2.3359964,4.463712855044958,1.6981285687362142,-0.6574315041152247,38.02083333333333
P1-C9,P1,False,A2,BM4831 PE,2.134402,1.075572,1.9365345490858745,1.0772301613074027,-1.0620736128710062,19.791666666666664
P1-C10,P1,False,A2,BM4831 PE,8.710932,0.03624642,138.59772249913166,4.938764875719055,1.4545048340665256,92.1875
P1-C11,P1,False,A2,BM4831 PE,4.083123,1.7735949,2.2681509729799587,1.1842243732929796,-0.992345034017354,21.875
P1-C12,P1,False,A2,BM4831 PE,4.8967543,2.1306472,2.269904490726335,1.1847607767536585,-0.9919954576214797,22.395833333333336
P1-C1,P1,False,A2,BM4831 PE,4.584463,0.10320172,35.31786761096984,3.592309840857814,0.5770144135204571,69.27083333333334
P1-D1,P1,False,A2,BM4831 PE,1.6427361,2.1882253,0.741698722748098,0.5548609144189941,-1.40250385247398,3.6458333333333335
P1-D2,P1,False,A2,BM4831 PE,1.2867787,2.4934227,0.5106210479710186,0.4125208563172978,-1.4952674681984968,1.5625
P1-D3,P1,False,A2,BM4831 PE,0.0,0.3006401,0.0,0.0,-1.7641090487353424,0.5208333333333333
P1-D4,P1,False,A2,BM4831 PE,3.7786853,2.528542,1.4788529602838163,0.9077959371687766,-1.1724946107839604,15.625
P1-D5,P1,False,A2,BM4831 PE,6.6688466,2.0785017,3.1679389978389447,1.4274216685087748,-0.8338523318258049,27.083333333333332
P1-D6,P1,True,A2,BM4831 PE,2.2666295,3.1752799,0.7079049507712483,0.5352674443865376,-1.415272999466333,3.125
P1-D7,P1,False,A2,BM4831 PE,4.4555073,1.8867192,2.328674624112784,1.2025742139880986,-0.9803863655051354,22.916666666666664
P1-D8,P1,False,A2,BM4831 PE,4.962044,2.0277534,2.4153751821524536,1.2282873499904383,-0.9636290064102758,23.958333333333336
P1-D9,P1,False,A2,BM4831 PE,1.05594,0.20366514,4.5856764424281,1.7202055429001841,-0.6430438470142038,39.0625
P1-D10,P1,False,A2,BM4831 PE,7.5893846,2.567139,2.9260356379557333,1.3676301732342957,-0.8728187012737738,26.041666666666668
P1-D11,P1,False,A2,BM4831 PE,4.1018662,1.2386717,3.241875298724408,1.445005458898611,-0.8223929015258831,27.604166666666668
P1-D12,P1,False,A2,BM4831 PE,3.5909474,3.325506,1.0712498535064505,0.7281522190315121,-1.289569178961406,7.8125
P1-E1,P1,False,A2,BM4831 PE,2.3269422,2.5364718,0.9078709863385431,0.6459879535169615,-1.343115977059756,5.208333333333334
P1-E2,P1,False,A2,BM4831 PE,0.31963795,0.28316858,1.0318469711155567,0.7089452173899577,-1.3020864628747255,6.25
P1-E3,P1,False,A2,BM4831 PE,10.827642,2.8963802,3.7043107570627525,1.5484792707150634,-0.7549585822983712,34.375
P1-E4,P1,False,A2,BM4831 PE,3.1379495,2.4473026,1.268418717416035,0.8190829884973644,-1.2303092132935656,12.5
P1-E5,P1,False,A2,BM4831 PE,10.526942,2.3459523,4.436961844973672,1.6932204204775212,-0.660630165019684,37.5
P1-E6,P1,True,A2,BM4831 PE,11.847908,2.4063382,4.8697859556674645,1.7698181690640087,-0.6107110894621659,40.10416666666667
P1-E7,P1,False,A2,BM4831 PE,13.01734,3.2306118,3.996462193317646,1.608730100657966,-0.7156928625112298,34.89583333333333
P1-E8,P1,False,A2,BM4831 PE,26.80815,0.04243616,388.2976311920256,5.964344169809882,2.122879182095045,98.95833333333334
P1-E9,P1,False,A2,BM4831 PE,8.51599,2.4686973,3.4128102403342986,1.4845117292120271,-0.7966464986724832,29.6875
P1-E10,P1,False,A2,BM4831 PE,2.011416,2.3423553,0.8490715554068077,0.6146836511731131,-1.3635171228220695,4.6875
P1-E11,P1,False,A2,BM4831 PE,3.38494,2.5174146,1.330548421883621,0.8461036140804273,-1.2126997577288328,13.541666666666666
P1-E12,P1,False,A2,BM4831 PE,3.737883,2.403947,1.537874713637469,0.9313270038647082,-1.1571593154519193,17.1875
P1-F1,P1,False,A2,BM4831 PE,0.8610902,1.5617726,0.542119654050568,0.43315786879122253,-1.4818182401992677,2.604166666666667
P1-F2,P1,False,A2,BM4831 PE,7.729404,2.2575366,3.3839439791065407,1.4779487710755972,-0.8009236061480816,29.166666666666668
P1-F3,P1,False,A2,BM4831 PE,11.677382,2.413924,4.784776802708741,1.7552297778285135,-0.6202184055097786,39.58333333333333
P1-F4,P1,False,A2,BM4831 PE,8.940681,2.4202235,3.6539890193732694,1.5377247054818008,-0.7619673777835455,33.33333333333333
P1-F5,P1,False,A2,BM4831 PE,3.3647726,0.13018674,21.460269445673436,3.1117479459290514,0.26383020137711416,56.770833333333336
P1-F6,P1,True,A2,BM4831 PE,9.431147,2.6235547,3.5587102093412324,1.517039734688343,-0.7754478604217235,30.729166666666668
P1-F7,P1,False,A2,BM4831 PE,7.975568,2.530372,3.119140674000447,1.4156445673350604,-0.8415275182926157,26.5625
P1-F8,P1,False,A2,BM4831 PE,2.9073236,2.4814131,1.1592120093756135,0.7697433446622913,-1.2624640671115346,9.895833333333332
P1-F9,P1,False,A2,BM4831 PE,0.9318609,0.05468395,11.463695748449956,2.522820078404423,-0.11997657179057801,45.3125
P1-F10,P1,True,A2,BM4831 PE,10.621079,0.13361698,66.29016802600758,4.209014134239873,0.9789232004768351,80.20833333333334
P1-F11,P1,False,A2,BM4831 PE,9.237142,2.5256321,3.6192348423557905,1.5302290728396752,-0.7668523131650493,32.29166666666667
P1-F12,P1,False,A2,BM4831 PE,2.0534174,1.8676363,1.0840321292913013,0.7343045408986221,-1.2855596848730562,8.333333333333332
P1-G1,P1,False,A2,BM4831 PE,4.215736,1.7669011,2.3505569526800634,1.2091265865495842,-0.9761161566933386,23.4375
P1-G2,P1,False,A2,BM4831 PE,1.1980106,1.4833462,0.7934106438275036,0.5841191945173637,-1.383436108031538,4.166666666666666
P1-G3,P1,False,A2,BM4831 PE,2.6935866,2.5731533,1.03609154138943,0.7110320590672438,-1.3007264593591208,6.770833333333333
P1-G4,P1,False,A2,BM4831 PE,4.474003,1.5174013,2.897660296319569,1.360376449088557,-0.8775459838687142,25.520833333333332
P1-G5,P1,False,A2,BM4831 PE,10.842197,2.9404073,3.6542485757595773,1.537780474661245,-0.7619310327742753,33.85416666666667
P1-G6,P1,False,A2,BM4831 PE,3.3859327,2.685026,1.2486705920669376,0.8103391936266311,-1.2360075812595475,11.979166666666668
P1-G7,P1,False,A2,BM4831 PE,5.544413,1.0556564,5.122993268394867,1.8120510730986539,-0.5831877279218664,40.625
P1-G8,P1,False,A2,BM4831 PE,6.631675,2.0097048,3.256713734755904,1.4484974388146339,-0.8201171634984598,28.125
P1-G9,P1,False,A2,BM4831 PE,9.500229,2.7215936,3.456894375846657,1.4944521951973269,-0.7901682550980413,30.208333333333332
P1-G10,P1,False,A2,BM4831 PE,3.466844,2.4895265,1.3778474252856234,0.8661956352705857,-1.1996057028459755,14.583333333333334
P1-G11,P1,True,A2,BM4831 PE,11.585516,0.3162419,33.79219150758526,3.549392979637088,0.5490453141996076,68.22916666666666
P1-G12,P1,False,A2,BM4831 PE,9.44082,3.4748871,2.696228433991615,1.307312957603204,-0.9121276848936752,25.0
P1-H1,P1,True,A2,BM4831 PE,7.2497816,1.7639903,4.048812954201492,1.6191531570827098,-0.7089001127136353,35.9375
P1-H2,P1,False,A2,BM4831 PE,1.5178884,1.3247387,1.1232445654516592,0.7529453741323342,-1.273411375297115,8.854166666666668
P1-H3,P1,False,A2,BM4831 PE,2.730936,1.5363774,1.7472606600673348,1.0106042916057583,-1.1054939729350675,18.75
P1-H4,P1,False,A2,BM4831 PE,3.4438188,2.1544309,1.5789837755694835,0.9473954359020963,-1.1466874505764193,17.708333333333336
P1-H5,P1,False,A2,BM4831 PE,10.323234,2.5015352,4.083332830657962,1.625967115498348,-0.7044594272982935,36.45833333333333
P1-H6,P1,False,A2,BM4831 PE,3.7417257,2.895291,1.2805818265101616,0.8244305974775287,-1.2268241539849165,13.020833333333334
P1-H7,P1,False,A2,BM4831 PE,3.4016263,2.750112,1.2250537104793269,0.79978105486812,-1.2428883647833315,10.9375
P1-H8,P1,False,A2,BM4831 PE,3.368318,2.8082764,1.1881693282692045,0.7830652710850665,-1.2537821115195977,10.416666666666668
P1-H9,P1,True,A2,BM4831 PE,5.490494,2.0745242,2.613117024151191,1.2845708413866603,-0.9269488178734477,24.479166666666664
P1-H10,P1,False,A2,BM4831 PE,0.20988919,0.38057634,0.515469789691984,0.4157254830986113,-1.4931789994199474,2.083333333333333
P1-H11,P1,True,A2,BM4831 PE,2.6951406,2.7140162,0.9834053441004824,0.6848152381801341,-1.3178120720160498,5.729166666666666
P1-H12,P1,False,A2,BM4831 PE,8.498415,2.3547776,3.568690890013367,1.5192267065418852,-0.7740226016482772,31.25
P2-A10,P2,False,A2,BM4831 PE,26.155666,6.4791007,4.020420078239794,1.6135136111268462,-0.712575428579649,35.41666666666667
P2-A11,P2,False,A2,BM4831 PE,4.0872703,2.656756,1.523191157295496,0.9255244326610064,-1.1609408755589818,16.666666666666664
P2-A12,P2,True,A2,BM4831 PE,3.7692723,1.6488185,2.249744280927817,1.1785763104545521,-0.996025900371627,21.354166666666664
P2-A1,P2,False,A2,BM4831 PE,16.915031,2.5032089,6.6862773392001165,2.039436575176288,-0.43499963795364505,41.14583333333333
P2-A2,P2,False,A2,BM4831 PE,7.9414945,7.55568,1.0473749661225102,0.7165584682736137,-1.2971248751895412,7.291666666666667
P2-A3,P2,False,A2,BM4831 PE,4.1622396,0.2621568,14.414140975135654,2.7352853332290974,0.01848793016491761,47.91666666666667
P2-A4,P2,False,A2,BM4831 PE,11.955047,2.8642251,4.135507973551464,1.6361787622564303,-0.6978044540713999,36.97916666666667
P2-A5,P2,False,A2,BM4831 PE,3.5568721,2.1350098,1.645470628345576,0.9728489808039414,-1.1300992680957396,18.229166666666664
P2-A6,P2,False,A2,BM4831 PE,3.1872501,2.5733755,1.2258750650558001,0.8001501259664091,-1.2426478395932108,11.458333333333332
P2-A7,P2,False,A2,BM4831 PE,7.849055,0.14280853,46.33100446259658,3.8571655662282796,0.7496220059183085,75.52083333333334
P2-A8,P2,False,A2,BM4831 PE,4.961203,4.3461356,1.1345754371632895,0.7582677684340932,-1.2699427485006443,9.375
P2-A9,P2,False,A2,BM4831 PE,4.117763,0.23523223,15.726479920964353,2.8169930876580827,0.07173721806494314,48.95833333333333
P2-B6,P2,False,A2,BM4831 PE,25.64855,0.307848,76.68827265373318,4.3527043148849724,1.0725666967526706,82.8125
P2-B7,P2,False,A2,BM4831 PE,7.946691,0.84382087,9.1296685301703,2.3154685961230865,-0.25510840662875445,42.1875
P2-B8,P2,False,A2,BM4831 PE,19.729483,0.05709763,235.7119116366601,5.466843839025012,1.79865611992111,97.39583333333334
P2-B9,P2,False,A2,BM4831 PE,4.875412,0.03594742,77.94240487074084,4.368718534310074,1.0830032310402768,83.85416666666666
P2-B10,P2,False,A2,BM4831 PE,6.899797,0.1429165,40.701832314725266,3.73054506824049,0.6671028937665178,72.91666666666666
P2-B11,P2,False,A2,BM4831 PE,14.762583,0.0,554.8998366790019,6.320588128163737,2.355044871062991,100.0
P2-B12,P2,False,A2,BM4831 PE,7.3800397,0.7187829,9.900951042944877,2.3888500370752137,-0.2072854123109424,43.22916666666667
P2-B1,P2,False,A2,BM4831 PE,3.1192176,1.6921325,1.814831714610363,1.034902478138713,-1.0896587423723874,19.270833333333336
P2-B2,P2,False,A2,BM4831 PE,2.806584,1.8639002,1.4845689979274048,0.9100992030279741,-1.1709935627169337,16.145833333333336
P2-B3,P2,False,A2,BM4831 PE,3.161086,2.2096894,1.4135381025240674,0.8810937632422157,-1.1898965300621092,15.104166666666666
P2-B4,P2,False,A2,BM4831 PE,4.645813,2.1675632,2.117346797515094,1.13698225462677,-1.0231329218432341,20.833333333333336
P2-B5,P2,True,A2,BM4831 PE,7.253174,3.6940744,1.9494224232142392,1.081609362441675,-1.0592196690366587,20.3125
P2-C1,P2,False,A2,BM4831 PE,29.420721,0.19458087,133.01413586423524,4.897945285911216,1.4279025353639248,91.14583333333334
P2-C2,P2,False,A2,BM4831 PE,3.5510097,0.0,133.47628274642395,4.901387847034978,1.4301460669561676,91.66666666666666
P2-C3,P2,False,A2,BM4831 PE,4.373492,0.126585,28.54963850222976,3.3860715103501975,0.44260802438433766,65.10416666666666
P2-C4,P2,True,A2,BM4831 PE,4.1733255,0.14015967,25.02538022058995,3.2590722242152497,0.35984205440072786,61.979166666666664
P2-C5,P2,False,A2,BM4831 PE,5.0801578,0.07332598,50.837148752982465,3.94810704962444,0.8088889538996823,77.08333333333334
P2-C6,P2,False,A2,BM4831 PE,7.7053385,0.0,289.63028185558215,5.672051950303207,1.9323911108437923,97.91666666666666
P2-C7,P2,False,A2,BM4831 PE,2.3884716,0.07261022,24.07387163157074,3.221826333097524,0.33556875019501076,59.895833333333336
P2-C8,P2,False,A2,BM4831 PE,6.892386,0.08774001,60.27760427607696,4.11541442995658,0.9179238787408525,78.125
P2-C9,P2,False,A2,BM4831 PE,4.917646,0.02660405,92.42288298210235,4.537136315035621,1.192761808497359,87.5
P2-C10,P2,False,A2,BM4831 PE,4.599922,0.19399676,20.851791070032792,3.0842828893506953,0.245931108259796,55.208333333333336
P2-C11,P2,False,A2,BM4831 PE,3.3386607,0.07686783,32.26635777759136,3.5045466093634556,0.519818745697504,66.66666666666666
P2-C12,P2,True,A2,BM4831 PE,14.177992,0.3236013,40.48479556351724,3.7253269881426077,0.6637022489763219,72.39583333333334
P2-D1,P2,False,A2,BM4831 PE,4.563473,0.1353678,28.17448217082166,3.373294428943009,0.43428114658518374,64.0625
P2-D2,P2,False,A2,BM4831 PE,3.8827648,0.02983284,68.7983480308713,4.24561034230876,1.0027731035016831,80.72916666666666
P2-D3,P2,False,A2,BM4831 PE,5.891367,0.0,221.44624596630962,5.404685481255796,1.75814725621072,96.35416666666666
P2-D4,P2,False,A2,BM4831 PE,3.3968294,0.07070823,34.90648251176522,3.5809178505515504,0.5695902054289259,68.75
P2-D5,P2,False,A2,BM4831 PE,7.4013085,0.071051,75.79033035157936,4.341078725346213,1.064990251056871,82.29166666666666
P2-D6,P2,True,A2,BM4831 PE,10.942377,0.11582606,76.82629045220845,4.35447929765128,1.0737234605017325,83.33333333333334
P2-D7,P2,False,A2,BM4831 PE,2.0777793,0.23710026,7.879201140095131,2.1837115912562832,-0.34097500196023267,41.66666666666667
P2-D8,P2,False,A2,BM4831 PE,5.399011,1.1677208,4.520554855741301,1.7084783725819128,-0.6506864933321002,38.54166666666667
P2-D9,P2,False,A2,BM4831 PE,4.4981427,0.08377536,40.75164652538005,3.7317388882528717,0.6678809112996685,73.4375
P2-D10,P2,False,A2,BM4831 PE,1.3420533,0.08499625,12.025534877594414,2.566911652254572,-0.0912419072985755,46.35416666666667
P2-D11,P2,False,A2,BM4831 PE,3.484759,0.16790359,17.91579497854172,2.939997286202154,0.1518995726291952,51.5625
P2-D12,P2,False,A2,BM4831 PE,2.9987497,0.05195277,38.173002675006444,3.6679878022583763,0.626334059892675,71.35416666666666
P2-E1,P2,False,A2,BM4831 PE,34.10776,0.2937644,106.46416649329858,4.677157457053216,1.2840141768373252,89.0625
P2-E2,P2,False,A2,BM4831 PE,14.368948,0.07050787,147.96276296462884,5.003696361722936,1.4968209571341613,93.22916666666666
P2-E3,P2,False,A2,BM4831 PE,3.9432147,0.13735473,24.050036844626437,3.220875298373163,0.3349489568572263,59.375
P2-E4,P2,False,A2,BM4831 PE,17.062628,0.9510041,17.453442874836917,2.9152509587600792,0.13577228674745415,50.0
P2-E5,P2,False,A2,BM4831 PE,4.6768775,0.11283784,33.539974967350204,3.5421173479745005,0.5443037543836126,67.70833333333334
P2-E6,P2,False,A2,BM4831 PE,16.097828,99.0,0.16256063867313847,0.15062501941844283,-1.6659460888056261,1.0416666666666665
P2-E7,P2,False,A2,BM4831 PE,4.761734,0.452778,9.933066955677626,2.3917918626152126,-0.2053682122088738,43.75
P2-E8,P2,False,A2,BM4831 PE,3.635939,0.13859688,22.00919207900343,3.1358937916969634,0.2795661508212106,57.291666666666664
P2-E9,P2,False,A2,BM4831 PE,24.956898,0.29319966,78.03817535450105,4.369930968083333,1.0837933792398347,84.375
P2-E10,P2,False,A2,BM4831 PE,6.034073,0.0,226.81031647437138,5.428513337408056,1.7736759704822016,96.875
P2-E11,P2,False,A2,BM4831 PE,5.564269,0.10801795,41.332538515250114,3.7455560223839126,0.6768855958420216,73.95833333333334
P2-E12,P2,False,A2,BM4831 PE,3.7861495,0.1090261,27.915249669782124,3.3643691261840787,0.4284644891635403,63.020833333333336
P2-F1,P2,False,A2,BM4831 PE,2.749512,0.0496887,36.038968316124404,3.611970556153688,0.5898273845343692,69.79166666666666
P2-F2,P2,False,A2,BM4831 PE,4.554412,0.4037028,10.584102948860796,2.4496337227638145,-0.1676724281887307,44.27083333333333
P2-F3,P2,False,A2,BM4831 PE,13.376901,0.0,502.8144587008369,6.2222080627937855,2.290930167861094,99.47916666666666
P2-F4,P2,False,A2,BM4831 PE,1.4573094,0.08809239,12.705794530327182,2.6178187018304238,-0.058065568553867734,46.875
P2-F5,P2,False,A2,BM4831 PE,9.601259,0.04049889,143.08253855941336,4.970386319808914,1.475112662441235,92.70833333333334
P2-F6,P2,True,A2,BM4831 PE,7.1743298,0.10907006,52.879136631152406,3.9867433274930737,0.8340683790104333,77.60416666666666
P2-F7,P2,False,A2,BM4831 PE,3.6868455,0.09560092,30.16935808748204,3.4394354996461756,0.47738556109886254,66.14583333333334
P2-F8,P2,False,A2,BM4831 PE,3.095283,0.08301558,28.23657587605431,3.3754205239222475,0.4356667316430947,64.58333333333334
P2-F9,P2,False,A2,BM4831 PE,3.5747755,0.17668305,17.584861508674184,2.9223473519417458,0.14039703609007334,50.520833333333336
P2-F10,P2,False,A2,BM4831 PE,6.3039107,0.27471665,20.920934738303743,3.0874421043414118,0.24798998198303543,56.25
P2-F11,P2,False,A2,BM4831 PE,3.5901132,0.10105373,28.12294871491577,3.3715264790163704,0.4331289661673724,63.541666666666664
P2-F12,P2,False,A2,BM4831 PE,3.5939834,0.1318212,22.68567289620815,3.1648703461983776,0.2984502935048483,58.333333333333336
P2-G1,P2,False,A2,BM4831 PE,4.1761403,0.08470073,37.51986482521236,3.651174077713289,0.6153764847490423,70.83333333333334
P2-G2,P2,False,A2,BM4831 PE,5.1537776,0.02996451,91.10674904929522,4.522948220156197,1.1835153672719552,86.97916666666666
P2-G3,P2,False,A2,BM4831 PE,3.2696695,0.10175224,25.47338739690903,3.2761399792228763,0.37096518226735054,62.5
P2-G4,P2,False,A2,BM4831 PE,5.361981,0.05857258,62.95131657591995,4.158122115395728,0.9457566573233243,79.16666666666666
P2-G5,P2,True,A2,BM4831 PE,16.553177,0.22316112,66.2749613967392,4.208788122799936,0.9787759078689543,79.6875
P2-G6,P2,False,A2,BM4831 PE,11.40643,0.06369799,126.31420065371724,4.846658052002605,1.394478428887358,90.625
P2-G7,P2,False,A2,BM4831 PE,30.373857,0.05439542,374.98834251631524,5.9295581389632925,2.100208979194546,98.4375
P2-G8,P2,False,A2,BM4831 PE,4.885931,0.07394566,48.592193851180674,3.9038334393123826,0.7800356554783031,76.5625
P2-G9,P2,False,A2,BM4831 PE,4.2449145,0.11490475,29.99753018893525,3.4339075299865485,0.4737829599753189,65.625
P2-G10,P2,False,A2,BM4831 PE,4.350681,0.09110626,36.96091701737936,3.63655713091515,0.6058505589209139,70.3125
P2-G11,P2,False,A2,BM4831 PE,3.9184394,0.17929164,19.03118710255664,2.9972904141500427,0.18923774556162706,53.125
P2-G12,P2,True,A2,BM4831 PE,18.259619,0.13045512,116.25948997438354,4.764389341998924,1.3408635638752844,89.58333333333334
P2-H1,P2,False,A2,BM4831 PE,8.519013,0.11448166,60.38182747210897,4.117113821835852,0.9190313795902725,78.64583333333334
P2-H2,P2,False,A2,BM4831 PE,2.920811,0.1330736,18.291921255103645,2.9596864204600397,0.16473106440041552,52.604166666666664
P2-H3,P2,False,A2,BM4831 PE,2.6754797,0.0,100.56663177223017,4.620715053761599,1.2472304247485706,88.02083333333334
P2-H4,P2,False,A2,BM4831 PE,10.457158,1.0574808,9.646069678033044,2.3651907797256757,-0.22270425003216884,42.70833333333333
P2-H5,P2,False,A2,BM4831 PE,18.429285,0.0889655,159.46488499782166,5.078075133572827,1.545293916201069,94.79166666666666
P2-H6,P2,False,A2,BM4831 PE,1.3338264,0.03771948,20.736212704744283,3.0789796579035618,0.24247496997644225,54.166666666666664
P2-H7,P2,False,A2,BM4831 PE,7.280318,0.06172209,82.42540656707064,4.423952898069622,1.118999698674976,85.41666666666666
P2-H8,P2,False,A2,BM4831 PE,10.120411,0.387545,24.436639417620302,3.236190631382182,0.34493002392217464,60.9375
P2-H9,P2,False,A2,BM4831 PE,5.1520853,0.13269547,32.34212695681695,3.5068216712330926,0.5213014131056747,67.1875
P2-H10,P2,False,A2,BM4831 PE,5.0946627,0.1882926,23.70750172233955,3.207106910977379,0.32597604076767206,58.854166666666664
P2-H11,P2,False,A2,BM4831 PE,4.03281,0.19556126,18.152293893227526,2.9524224940000683,0.15999713291429432,52.083333333333336
P2-H12,P2,False,A2,BM4831 PE,4.0844917,0.0,153.52894390139846,5.040381417959638,1.5207287628844046,93.75
P1-A1,P1,False,A2,SARS-2 beta TRED,28.039238,0.0,1053.946222473646,6.961245070652321,1.7498302796172767,97.91666666666666
P1-A2,P1,False,A2,SARS-2 beta TRED,46.279785,0.08634094,409.75509405065236,6.017997158667992,1.1803515231012787,90.625
P1-A3,P1,False,A2,SARS-2 beta TRED,34.024097,0.04459511,477.87216871659723,6.171433690639143,1.2729876628911219,92.70833333333334
P1-A4,P1,False,A2,SARS-2 beta TRED,29.678495,0.0,1115.5630439726283,7.018010535402723,1.784101997442875,98.4375
P1-A5,P1,False,A2,SARS-2 beta TRED,29.08925,0.1673689,149.96549776657005,5.01705131909462,0.5760380814092125,63.020833333333336
P1-A6,P1,False,A2,SARS-2 beta TRED,26.75869,0.14935072,152.07709344850386,5.030941673236558,0.5844242771312648,64.0625
P1-A7,P1,False,A2,SARS-2 beta TRED,35.4492,0.23096551,137.62961741286506,4.93180575377489,0.5245717193637806,60.416666666666664
P1-A8,P1,False,A2,SARS-2 beta TRED,43.89724,0.22569075,173.99185397400183,5.164739424120099,0.66520365212877,64.58333333333334
P1-A9,P1,False,A2,SARS-2 beta TRED,31.787712,0.18378301,151.0915737878556,5.02448279857126,0.5805247806509077,63.541666666666664
P1-A10,P1,False,A2,SARS-2 beta TRED,28.903452,1.640214,17.34049616273354,2.90911152004654,-0.6966145482129634,39.0625
P1-A11,P1,False,A2,SARS-2 beta TRED,19.19029,0.0,721.3296471777793,6.582481609732634,1.5211547193560597,94.79166666666666
P1-A12,P1,False,A2,SARS-2 beta TRED,22.299532,0.16215684,118.13639997141357,4.780269054952109,0.4330825893951893,56.25
P1-B3,P1,False,A2,SARS-2 beta TRED,26.932291,0.07657433,261.02649605469674,5.568445628627564,0.908938204222349,80.20833333333334
P1-B4,P1,False,A2,SARS-2 beta TRED,41.14766,1.5096216,26.784906240824714,3.3244929322732384,-0.44583117821102763,43.75
P1-B5,P1,True,A2,SARS-2 beta TRED,34.738266,0.1676091,178.86670392813258,5.1922160428270665,0.6817924518024321,65.10416666666666
P1-B6,P1,False,A2,SARS-2 beta TRED,19.273668,0.0706239,198.23176360295574,5.294468788276898,0.7435267695669058,71.35416666666666
P1-B7,P1,False,A2,SARS-2 beta TRED,26.342966,0.07188886,267.4605309153725,5.592703904690599,0.9235839539898064,81.77083333333334
P1-B8,P1,False,A2,SARS-2 beta TRED,22.030056,0.18391693,104.64541823812525,4.660088375758923,0.36052441791702017,51.041666666666664
P1-B9,P1,False,A2,SARS-2 beta TRED,27.228315,0.16178794,144.5301097992542,4.9803830054034375,0.5538998657618925,61.458333333333336
P1-B10,P1,False,A2,SARS-2 beta TRED,30.694468,0.11083908,223.3248617082571,5.413095276704524,0.8151466101849536,74.47916666666666
P1-B11,P1,False,A2,SARS-2 beta TRED,25.5856,0.20242406,111.71379792637681,4.724851844131814,0.39962486963079,53.125
P1-B12,P1,False,A2,SARS-2 beta TRED,52.583317,1.4192766,36.36767460716761,3.620806015368263,-0.26693440679344127,44.27083333333333
P1-B1,P1,False,A2,SARS-2 beta TRED,26.887194,0.25484,95.53299847696194,4.569884903021433,0.30606475695693963,50.0
P1-B2,P1,False,A2,SARS-2 beta TRED,22.92484,0.17813691,111.96997415661234,4.727122067975532,0.4009955000187373,53.645833333333336
P1-C2,P1,False,A2,SARS-2 beta TRED,19.928188,1.1025333,17.64903800232983,2.9257945631149327,-0.686542287780916,39.58333333333333
P1-C3,P1,False,A2,SARS-2 beta TRED,29.692333,2.0221145,14.49312449482141,2.7403963445347914,-0.7984750528958565,35.41666666666667
P1-C4,P1,False,A2,SARS-2 beta TRED,49.404167,0.38199806,120.91021017977613,4.803284791632464,0.44697816545583996,56.770833333333336
P1-C5,P1,False,A2,SARS-2 beta TRED,28.697979,0.16768922,147.70444184711081,5.00196072421776,0.5669272494673931,61.979166666666664
P1-C6,P1,False,A2,SARS-2 beta TRED,38.72023,0.2872675,123.36329941340654,4.823207115985332,0.4590061173391491,57.291666666666664
P1-C7,P1,False,A2,SARS-2 beta TRED,21.314695,1.8008008,11.663915087015338,2.538756617487955,-0.9202135052835099,28.645833333333332
P1-C8,P1,False,A2,SARS-2 beta TRED,26.491146,2.3359964,11.212706744384139,2.502476946141403,-0.9421170810696247,25.0
P1-C9,P1,False,A2,SARS-2 beta TRED,17.638695,1.075572,16.003518675623553,2.8334203035576535,-0.7423125447816432,38.54166666666667
P1-C10,P1,False,A2,SARS-2 beta TRED,5.3736954,0.03624642,85.49968520521803,4.460140774685177,0.2398075737224846,48.4375
P1-C11,P1,False,A2,SARS-2 beta TRED,27.22702,1.7735949,15.124450550312787,2.7803367877020837,-0.7743613139512794,35.9375
P1-C12,P1,False,A2,SARS-2 beta TRED,32.663605,2.1306472,15.141307717401949,2.781381682942606,-0.7737304663928571,36.45833333333333
P1-C1,P1,False,A2,SARS-2 beta TRED,23.224834,0.10320172,178.91988930846452,5.192511692424462,0.6819709479994024,65.625
P1-D1,P1,False,A2,SARS-2 beta TRED,0.6535637,2.1882253,0.2950853527383498,0.25857660243003183,-2.29685485599279,2.083333333333333
P1-D2,P1,False,A2,SARS-2 beta TRED,16.335548,2.4934227,6.482291507421499,2.012539096329979,-1.2379133335031705,4.166666666666666
P1-D3,P1,False,A2,SARS-2 beta TRED,0.0,0.3006401,0.0,0.0,-2.452968514072568,0.78125
P1-D4,P1,False,A2,SARS-2 beta TRED,31.667198,2.528542,12.393498211188358,2.594769381085043,-0.8863962250573711,31.25
P1-D5,P1,False,A2,SARS-2 beta TRED,17.467724,2.0785017,8.297789315334871,2.2297766638736705,-1.1067578034865857,9.375
P1-D6,P1,True,A2,SARS-2 beta TRED,24.322641,3.1752799,7.596353078318157,2.1513380526596335,-1.1541145187355388,6.25
P1-D7,P1,False,A2,SARS-2 beta TRED,29.88999,1.8867192,15.622028321664937,2.8107288229956406,-0.7560123536757621,37.5
P1-D8,P1,False,A2,SARS-2 beta TRED,13.468713,2.0277534,6.556168207241637,2.0223642108051445,-1.2319814953269546,4.6875
P1-D9,P1,False,A2,SARS-2 beta TRED,1.0945771,0.20366514,4.753467452593202,1.7498027082901781,-1.3965384305231532,3.125
P1-D10,P1,False,A2,SARS-2 beta TRED,21.37581,2.567139,8.241298227285853,2.2236823765727936,-1.1104371831171789,8.854166666666668
P1-D11,P1,False,A2,SARS-2 beta TRED,24.086226,1.2386717,19.036345239367783,2.9975478862995937,-0.6432217643597412,40.10416666666667
P1-D12,P1,False,A2,SARS-2 beta TRED,34.237877,3.325506,10.213828451127373,2.4171476998430186,-0.9936339648697965,21.354166666666664
P1-E1,P1,False,A2,SARS-2 beta TRED,21.339321,2.5364718,8.3256689418692,2.2327706993504273,-1.104950177327434,9.895833333333332
P1-E2,P1,False,A2,SARS-2 beta TRED,0.0,0.28316858,0.0,0.0,-2.452968514072568,0.78125
P1-E3,P1,False,A2,SARS-2 beta TRED,23.554789,2.8963802,8.05847277487041,2.2037005379506254,-1.1225010662881652,8.333333333333332
P1-E4,P1,False,A2,SARS-2 beta TRED,27.624949,2.4473026,11.166528454095065,2.4986886119184195,-0.9444042590587423,23.958333333333336
P1-E5,P1,False,A2,SARS-2 beta TRED,24.799864,2.3459523,10.452802943963796,2.438234498641419,-0.9809029703920525,22.395833333333336
P1-E6,P1,True,A2,SARS-2 beta TRED,22.748217,2.4063382,9.350085066754051,2.3369947386876553,-1.042025705863748,16.666666666666664
P1-E7,P1,False,A2,SARS-2 beta TRED,36.236977,3.2306118,11.125138360112057,2.495280847901703,-0.9464616706788298,23.4375
P1-E8,P1,False,A2,SARS-2 beta TRED,14.462666,0.04243616,209.48177880687211,5.349399087888231,0.7766905203902765,72.39583333333334
P1-E9,P1,False,A2,SARS-2 beta TRED,21.32915,2.4686973,8.547725107430411,2.2563029174704226,-1.0907427795237685,11.458333333333332
P1-E10,P1,False,A2,SARS-2 beta TRED,22.753122,2.3423553,9.60469076854358,2.3612964285668627,-1.0273537453347983,18.229166666666664
P1-E11,P1,False,A2,SARS-2 beta TRED,29.089685,2.5174146,11.434540780587438,2.5204781469865973,-0.9312489929001528,27.083333333333332
P1-E12,P1,False,A2,SARS-2 beta TRED,33.118637,2.403947,13.625978767242925,2.6827993151345186,-0.833248821557459,33.33333333333333
P1-F1,P1,False,A2,SARS-2 beta TRED,14.554345,1.5617726,9.163031325095341,2.318756756419436,-1.0530367490174157,15.625
P1-F2,P1,False,A2,SARS-2 beta TRED,17.710608,2.2575366,7.7537291760032385,2.1694798011189307,-1.1431615760124616,7.291666666666667
P1-F3,P1,False,A2,SARS-2 beta TRED,20.751644,2.413924,8.502931978183982,2.2516003802727993,-1.0935819006092729,10.9375
P1-F4,P1,False,A2,SARS-2 beta TRED,23.1197,2.4202235,9.44884734520829,2.346491670433175,-1.0362920055157894,17.708333333333336
P1-F5,P1,False,A2,SARS-2 beta TRED,31.64142,0.13018674,201.80662397325764,5.312252933773645,0.7542638122197554,71.875
P1-F6,P1,True,A2,SARS-2 beta TRED,24.015875,2.6235547,9.062051471444871,2.3087710674848716,-1.059065532802845,14.0625
P1-F7,P1,False,A2,SARS-2 beta TRED,20.11487,2.530372,7.866663436288346,2.1822985627910954,-1.135422346098046,7.8125
P1-F8,P1,False,A2,SARS-2 beta TRED,29.405378,2.4814131,11.724552202523814,2.543533371445981,-0.9173295763930901,29.166666666666668
P1-F9,P1,False,A2,SARS-2 beta TRED,9.318366,0.05468395,114.63396811337466,4.750429754886427,0.41506733881174046,54.6875
P1-F10,P1,True,A2,SARS-2 beta TRED,36.53049,0.13361698,228.00059392952352,5.433724597129582,0.8276014055724329,75.52083333333334
P1-F11,P1,False,A2,SARS-2 beta TRED,22.322952,2.5256321,8.746428891386088,2.276900950367269,-1.0783068737436066,11.979166666666668
P1-F12,P1,False,A2,SARS-2 beta TRED,19.07405,1.8676363,10.069498308385205,2.4041934257644972,-1.0014550093694172,20.833333333333336
P1-G1,P1,False,A2,SARS-2 beta TRED,11.834483,1.7669011,6.598521894403259,2.0279537407986052,-1.2286068590836698,5.208333333333334
P1-G2,P1,False,A2,SARS-2 beta TRED,13.333317,1.4833462,8.83030219041985,2.285469675336596,-1.0731335711807686,12.5
P1-G3,P1,False,A2,SARS-2 beta TRED,25.120993,2.5731533,9.66282218607825,2.366763129109534,-1.0240532664387076,19.270833333333336
P1-G4,P1,False,A2,SARS-2 beta TRED,15.432288,1.5174013,9.994970548515262,2.3974379453778765,-1.0055335792992968,19.791666666666664
P1-G5,P1,False,A2,SARS-2 beta TRED,28.530092,2.9404073,9.615767732064793,2.36234041774617,-1.0267234448039468,18.75
P1-G6,P1,False,A2,SARS-2 beta TRED,28.647959,2.685026,10.56484788549972,2.447970142592121,-0.9750251493648479,22.916666666666664
P1-G7,P1,False,A2,SARS-2 beta TRED,24.899977,1.0556564,23.007379600723652,3.17836126644811,-0.5340570605950514,42.70833333333333
P1-G8,P1,False,A2,SARS-2 beta TRED,17.262438,2.0097048,8.477318163204957,2.2489013820681323,-1.0952114002582032,10.416666666666668
P1-G9,P1,False,A2,SARS-2 beta TRED,25.06505,2.7215936,9.120541239091738,2.3145671445528913,-1.055566195333417,14.583333333333334
P1-G10,P1,False,A2,SARS-2 beta TRED,29.181885,2.4895265,11.597921657920333,2.53353185256795,-0.9233679173865521,28.125
P1-G11,P1,True,A2,SARS-2 beta TRED,65.40957,0.3162419,190.78414080726344,5.256370472937137,0.7205252012947865,69.27083333333334
P1-G12,P1,False,A2,SARS-2 beta TRED,20.44921,3.4748871,5.8401432772434685,1.9228086783804939,-1.2920873912310422,3.6458333333333335
P1-H1,P1,True,A2,SARS-2 beta TRED,20.066242,1.7639903,11.206470075145718,2.5019661451901576,-0.9424254732609528,24.479166666666664
P1-H2,P1,False,A2,SARS-2 beta TRED,10.361948,1.3247387,7.667890326121926,2.159625430862401,-1.1491110771442807,6.770833333333333
P1-H3,P1,False,A2,SARS-2 beta TRED,24.884481,1.5363774,15.921162084169332,2.828565032917117,-0.7452438775222635,38.02083333333333
P1-H4,P1,False,A2,SARS-2 beta TRED,30.505022,2.1544309,13.986489304080157,2.707149082155135,-0.8185478348198545,33.85416666666667
P1-H5,P1,False,A2,SARS-2 beta TRED,23.825327,2.5015352,9.424056447840046,2.3441162549882395,-1.0377261445333303,17.1875
P1-H6,P1,False,A2,SARS-2 beta TRED,33.30323,2.895291,11.397818686198192,2.517520544733218,-0.9330346227776473,26.5625
P1-H7,P1,False,A2,SARS-2 beta TRED,31.644064,2.750112,11.396218925590176,2.517391500756171,-0.9331125320978279,26.041666666666668
P1-H8,P1,False,A2,SARS-2 beta TRED,29.561834,2.8082764,10.427894410856021,2.4360572448137683,-0.9822174708395348,21.875
P1-H9,P1,True,A2,SARS-2 beta TRED,23.684322,2.0745242,11.272192451841054,2.507335926692374,-0.9391835084987816,25.520833333333332
P1-H10,P1,False,A2,SARS-2 beta TRED,0.394418,0.38057634,0.968656668362639,0.6773514159221191,-2.0440227457726987,2.604166666666667
P1-H11,P1,True,A2,SARS-2 beta TRED,20.014532,2.7140162,7.302920570626302,2.1166073288877914,-1.175082929198151,5.729166666666666
P1-H12,P1,False,A2,SARS-2 beta TRED,22.223892,2.3547776,9.332352082246036,2.3352799515254294,-1.043060995577541,16.145833333333336
P2-A10,P2,False,A2,SARS-2 beta TRED,91.39953,6.4791007,14.049135875709698,2.711320572650106,-0.8160293291441865,34.375
P2-A11,P2,False,A2,SARS-2 beta TRED,34.241444,2.656756,12.760659532066896,2.6218137624660516,-0.8700683853834922,32.8125
P2-A12,P2,True,A2,SARS-2 beta TRED,33.110207,1.6488185,19.762302351726138,3.0331389554107138,-0.6217339269386791,40.625
P2-A1,P2,False,A2,SARS-2 beta TRED,23.079939,2.5032089,9.123180035899491,2.314827847294927,-1.0554087980347127,15.104166666666666
P2-A2,P2,False,A2,SARS-2 beta TRED,75.88966,7.55568,10.008812582008188,2.3986960958728845,-1.004773980502094,20.3125
P2-A3,P2,False,A2,SARS-2 beta TRED,40.59362,0.2621568,140.578683017452,4.952855626264722,0.5372804198634314,60.9375
P2-A4,P2,False,A2,SARS-2 beta TRED,25.697416,2.8642251,8.88928908164635,2.2914522605076053,-1.0695216308619502,13.541666666666666
P2-A5,P2,False,A2,SARS-2 beta TRED,27.363836,2.1350098,12.65898439723635,2.6143975027136634,-0.8745458958323675,32.29166666666667
P2-A6,P2,False,A2,SARS-2 beta TRED,32.197342,2.5733755,12.383690479411655,2.5940368372524087,-0.8868384928277014,30.729166666666668
P2-A7,P2,False,A2,SARS-2 beta TRED,18.786139,0.14280853,110.8898701619443,4.717515085410915,0.3951953573253285,52.604166666666664
P2-A8,P2,False,A2,SARS-2 beta TRED,38.76909,4.3461356,8.866086962209147,2.289103317105677,-1.0709397875847595,13.020833333333334
P2-A9,P2,False,A2,SARS-2 beta TRED,38.941975,0.23523223,148.72642935501528,5.008809824640375,0.5710623417823273,62.5
P2-B6,P2,False,A2,SARS-2 beta TRED,15.406208,0.307848,46.06402621840709,3.851508934641872,-0.12764927303029536,45.83333333333333
P2-B7,P2,False,A2,SARS-2 beta TRED,20.775024,0.84382087,23.86768062660706,3.213568993579209,-0.5128006629803531,43.22916666666667
P2-B8,P2,False,A2,SARS-2 beta TRED,37.933014,0.05709763,453.1929825064443,6.118522179324106,1.2410427401552955,91.66666666666666
P2-B9,P2,False,A2,SARS-2 beta TRED,34.716423,0.03594742,555.0057096979496,6.320778563438771,1.3631534945599708,93.75
P2-B10,P2,False,A2,SARS-2 beta TRED,22.908205,0.1429165,135.13526826098663,4.913649010995827,0.5136097239341276,59.895833333333336
P2-B11,P2,False,A2,SARS-2 beta TRED,26.443583,0.0,993.9683243716652,6.902710901849508,1.7144907201652992,97.39583333333334
P2-B12,P2,False,A2,SARS-2 beta TRED,16.870522,0.7187829,22.633240359252333,3.1626542108390603,-0.5435400760177432,41.66666666666667
P2-B1,P2,False,A2,SARS-2 beta TRED,26.69731,1.6921325,15.533101917219367,2.805364548022437,-0.7592509939129011,36.97916666666667
P2-B2,P2,False,A2,SARS-2 beta TRED,23.603535,1.8639002,12.485311789169478,2.601601077508643,-0.8822716402745413,31.770833333333332
P2-B3,P2,False,A2,SARS-2 beta TRED,26.22013,2.2096894,11.724816347335812,2.543554129903032,-0.9173170436324464,29.6875
P2-B4,P2,False,A2,SARS-2 beta TRED,31.684956,2.1675632,14.440538204186577,2.7369964017732165,-0.8005277424926074,34.89583333333333
P2-B5,P2,True,A2,SARS-2 beta TRED,44.17836,3.6940744,11.873737705014525,2.5551893994143677,-0.9102923381135075,30.208333333333332
P2-C1,P2,False,A2,SARS-2 beta TRED,58.5507,0.19458087,264.713796944204,5.5824197781929445,0.9173749907943122,81.25
P2-C2,P2,False,A2,SARS-2 beta TRED,21.673832,0.0,814.6816744067163,6.704024173959668,1.594535118570691,95.83333333333334
P2-C3,P2,False,A2,SARS-2 beta TRED,36.715214,0.126585,239.67257450842607,5.483437397742368,0.8576151310376079,78.64583333333334
P2-C4,P2,True,A2,SARS-2 beta TRED,30.684261,0.14015967,183.9984200400423,5.220347284717761,0.6987764752469806,67.70833333333334
P2-C5,P2,False,A2,SARS-2 beta TRED,46.53075,0.07332598,465.63330362254464,6.145543732142144,1.2573567972578181,92.1875
P2-C6,P2,False,A2,SARS-2 beta TRED,45.47878,0.0,1709.4682952407622,7.4445224688707015,2.0416053350326786,100.0
P2-C7,P2,False,A2,SARS-2 beta TRED,21.55108,0.07261022,217.21754340378655,5.3854924707343255,0.7984816259103609,73.95833333333334
P2-C8,P2,False,A2,SARS-2 beta TRED,25.920946,0.08774001,226.6925452883167,5.42799623335201,0.8241429494873722,75.0
P2-C9,P2,False,A2,SARS-2 beta TRED,23.372097,0.02660405,439.2582520330551,6.087361491171246,1.2222297115590888,91.14583333333334
P2-C10,P2,False,A2,SARS-2 beta TRED,42.635674,0.19399676,193.27070467238994,5.269252571327736,0.7283026702714864,70.3125
P2-C11,P2,False,A2,SARS-2 beta TRED,19.806644,0.07686783,191.42054826876634,5.259683332262633,0.7225253149289923,69.79166666666666
P2-C12,P2,True,A2,SARS-2 beta TRED,31.349314,0.3236013,89.51694769939981,4.505537100570213,0.26721526038358645,48.95833333333333
P2-D1,P2,False,A2,SARS-2 beta TRED,34.507977,0.1353678,213.0492242942215,5.366206008637747,0.786837571030614,73.4375
P2-D2,P2,False,A2,SARS-2 beta TRED,38.312828,0.02983284,678.8614326551303,6.521889001897941,1.4845723929863455,94.27083333333334
P2-D3,P2,False,A2,SARS-2 beta TRED,20.158266,0.0,757.714182615053,6.6316251354803075,1.5508247494489142,95.3125
P2-D4,P2,False,A2,SARS-2 beta TRED,28.218777,0.07070823,289.9816652122425,5.673260259043025,0.9722192405599863,83.85416666666666
P2-D5,P2,False,A2,SARS-2 beta TRED,39.860897,0.071051,408.1806010032251,6.014156625825724,1.1780328305925698,90.10416666666666
P2-D6,P2,True,A2,SARS-2 beta TRED,25.494429,0.11582606,178.99606340260496,5.192934980665531,0.6822265050572119,66.14583333333334
P2-D7,P2,False,A2,SARS-2 beta TRED,19.068438,0.23710026,72.3099216694638,4.294695956751277,0.13992152256674306,46.875
P2-D8,P2,False,A2,SARS-2 beta TRED,27.472857,1.1677208,23.00283461404994,3.178171932292384,-0.5341713696522982,42.1875
P2-D9,P2,False,A2,SARS-2 beta TRED,34.277966,0.08377536,310.5467405560512,5.741549376910311,1.0134482763548542,86.45833333333334
P2-D10,P2,False,A2,SARS-2 beta TRED,12.596707,0.08499625,112.87341521483366,4.735087438599274,0.4058045319819832,54.166666666666664
P2-D11,P2,False,A2,SARS-2 beta TRED,18.787874,0.16790359,96.591959061351,4.580795103358593,0.3126517074737722,50.520833333333336
P2-D12,P2,False,A2,SARS-2 beta TRED,29.20538,0.05195277,371.7739592819567,5.920972228660202,1.1217734591693376,88.54166666666666
P2-E1,P2,False,A2,SARS-2 beta TRED,23.283297,0.2937644,72.67662280727083,4.299685554947459,0.14293395454795818,47.39583333333333
P2-E2,P2,False,A2,SARS-2 beta TRED,11.406438,0.07050787,117.4566211851233,4.774546827608364,0.42962783813540384,55.729166666666664
P2-E3,P2,False,A2,SARS-2 beta TRED,38.16724,0.13735473,232.78558183953308,5.4544043783576415,0.8400866662861336,77.60416666666666
P2-E4,P2,False,A2,SARS-2 beta TRED,11.190262,0.9510041,11.446571921479991,2.5214452373232965,-0.9306651194609596,27.604166666666668
P2-E5,P2,False,A2,SARS-2 beta TRED,39.242077,0.11283784,281.42244055928967,5.643403966198873,0.9541937307157115,82.29166666666666
P2-E6,P2,False,A2,SARS-2 beta TRED,24.865904,99.0,0.25110326905126257,0.22402577727942496,-2.3177146540303775,1.5625
P2-E7,P2,False,A2,SARS-2 beta TRED,20.895529,0.452778,43.588467695025294,3.7974752537301315,-0.16027169712966757,44.79166666666667
P2-E8,P2,False,A2,SARS-2 beta TRED,30.363626,0.13859688,183.7981541629336,5.219264170861886,0.6981225534900684,67.1875
P2-E9,P2,False,A2,SARS-2 beta TRED,14.410812,0.29319966,45.06142846185244,3.829975906978349,-0.1406496747932322,45.3125
P2-E10,P2,False,A2,SARS-2 beta TRED,35.161194,0.0,1321.6481701094383,7.187391195346613,1.8863642832928202,99.47916666666666
P2-E11,P2,False,A2,SARS-2 beta TRED,38.658543,0.10801795,287.1636359584615,5.663528499193896,0.9663437645295806,83.33333333333334
P2-E12,P2,False,A2,SARS-2 beta TRED,31.25415,0.1090261,230.43659540301326,5.444305950064575,0.8339898169700264,76.5625
P2-F1,P2,False,A2,SARS-2 beta TRED,29.887278,0.0496887,391.7446677436584,5.973159700324683,1.153281248470117,89.58333333333334
P2-F2,P2,False,A2,SARS-2 beta TRED,38.962826,0.4037028,90.54660877464535,4.516848228103965,0.27404426764760864,49.47916666666667
P2-F3,P2,False,A2,SARS-2 beta TRED,30.16607,0.0,1133.8901407868352,7.034291132972535,1.7939312844644482,98.95833333333334
P2-F4,P2,False,A2,SARS-2 beta TRED,13.195728,0.08809239,115.04915061007996,4.7540138135215795,0.41723118696755923,55.208333333333336
P2-F5,P2,False,A2,SARS-2 beta TRED,32.365967,0.04049889,482.3330691620963,6.180706000185181,1.2785857492936676,93.22916666666666
P2-F6,P2,True,A2,SARS-2 beta TRED,25.694998,0.10907006,189.38762892935137,5.249062146135806,0.7161128545446316,68.75
P2-F7,P2,False,A2,SARS-2 beta TRED,28.211624,0.09560092,230.8549644093853,5.446112022768618,0.8350802196357605,77.08333333333334
P2-F8,P2,False,A2,SARS-2 beta TRED,31.880028,0.08301558,290.82407959231386,5.676151153562413,0.9739645961501797,84.375
P2-F9,P2,False,A2,SARS-2 beta TRED,10.664826,0.17668305,52.46189256475202,3.978969111594667,-0.05069616011675967,46.35416666666667
P2-F10,P2,False,A2,SARS-2 beta TRED,31.70472,0.27471665,105.2191900523263,4.665504789775257,0.363794536705101,51.5625
P2-F11,P2,False,A2,SARS-2 beta TRED,31.51347,0.10105373,246.85898501446604,5.512859975633048,0.8753787887757208,79.6875
P2-F12,P2,False,A2,SARS-2 beta TRED,33.715733,0.1318212,212.8179251729128,5.365124835922675,0.7861848212227048,72.91666666666666
P2-G1,P2,False,A2,SARS-2 beta TRED,31.88622,0.08470073,286.4766454774,5.6611416238157295,0.9649027066644669,82.8125
P2-G2,P2,False,A2,SARS-2 beta TRED,21.485786,0.02996451,379.8185069586357,5.9423229019427595,1.1346637658609808,89.0625
P2-G3,P2,False,A2,SARS-2 beta TRED,33.790638,0.10175224,263.2565805696005,5.576920527258065,0.9140548598463661,80.72916666666666
P2-G4,P2,False,A2,SARS-2 beta TRED,28.973436,0.05857258,340.15710647392365,5.832343093980786,1.0682642928440784,88.02083333333334
P2-G5,P2,True,A2,SARS-2 beta TRED,32.466133,0.22316112,129.98663104227063,4.87509526488094,0.49033319279360194,58.333333333333336
P2-G6,P2,False,A2,SARS-2 beta TRED,22.015402,0.06369799,243.7973937244386,5.500430904031,0.8678748312788077,79.16666666666666
P2-G7,P2,False,A2,SARS-2 beta TRED,18.60926,0.05439542,229.7454538900069,5.441315171737128,0.8321841572900099,76.04166666666666
P2-G8,P2,False,A2,SARS-2 beta TRED,33.318043,0.07394566,331.3589168979205,5.806215459969472,1.0524899324257593,86.97916666666666
P2-G9,P2,False,A2,SARS-2 beta TRED,43.253906,0.11490475,305.66230510046023,5.725747158775336,1.0039078072805379,85.9375
P2-G10,P2,False,A2,SARS-2 beta TRED,39.095993,0.09110626,332.1373718240994,5.80855493291446,1.0539023714321831,87.5
P2-G11,P2,False,A2,SARS-2 beta TRED,22.2517,0.17929164,108.0726847657666,4.692014492708455,0.3797995683306115,52.083333333333336
P2-G12,P2,True,A2,SARS-2 beta TRED,21.11484,0.13045512,134.43875960887863,4.908519579549619,0.5105128686911881,59.375
P2-H1,P2,False,A2,SARS-2 beta TRED,17.483473,0.11448166,123.92093430298505,4.827681011597484,0.461707197805504,57.8125
P2-H2,P2,False,A2,SARS-2 beta TRED,30.195095,0.1330736,189.1003218045857,5.24755194231034,0.7152010804652137,68.22916666666666
P2-H3,P2,False,A2,SARS-2 beta TRED,23.088278,0.0,867.8482411512532,6.767168473825135,1.6326580096066343,96.35416666666666
P2-H4,P2,False,A2,SARS-2 beta TRED,24.337574,1.0574808,22.449879269136545,3.154865346441361,-0.548242543688774,41.14583333333333
P2-H5,P2,False,A2,SARS-2 beta TRED,15.453042,0.0889655,133.71205477567403,4.9031395729211,0.5072647305867407,58.854166666666664
P2-H6,P2,False,A2,SARS-2 beta TRED,18.75635,0.03771948,291.593915943357,5.67878569528494,0.9755551806880006,84.89583333333334
P2-H7,P2,False,A2,SARS-2 beta TRED,26.325745,0.06172209,298.0515734073741,5.700616044828921,0.9887350882760944,85.41666666666666
P2-H8,P2,False,A2,SARS-2 beta TRED,32.151554,0.387545,77.63280876776128,4.364789026690135,0.18223968071161104,47.91666666666667
P2-H9,P2,False,A2,SARS-2 beta TRED,37.59429,0.13269547,235.99750959701575,5.468049633050452,0.8483248850789622,78.125
P2-H10,P2,False,A2,SARS-2 beta TRED,42.140503,0.1882926,196.0966027157706,5.283693977661931,0.7370215595656473,70.83333333333334
P2-H11,P2,False,A2,SARS-2 beta TRED,40.175434,0.19556126,180.8357659438371,5.203103894758445,0.6883659096391609,66.66666666666666
P2-H12,P2,False,A2,SARS-2 beta TRED,25.46499,0.0,957.1847143574005,6.865040571866552,1.691747544798909,96.875
P1-A1,P1,False,A2,SARS-2 KP3 DAPI,20.713139,0.0,778.570894281134,6.658743632766553,2.289737829127768,99.47916666666666
P1-A2,P1,False,A2,SARS-2 KP3 DAPI,10.472195,0.08634094,92.71942916635787,4.540305522779794,1.1023412492067648,82.8125
P1-A3,P1,False,A2,SARS-2 KP3 DAPI,8.438149,0.04459511,118.5147268591371,4.783439601093426,1.2386192795588797,86.45833333333334
P1-A4,P1,False,A2,SARS-2 KP3 DAPI,5.9232783,0.0,222.64573626947777,5.410063265397904,1.5898453986440173,94.27083333333334
P1-A5,P1,False,A2,SARS-2 KP3 DAPI,16.322832,0.1673689,84.1500425703687,4.444414907054182,1.0485940150429016,80.72916666666666
P1-A6,P1,False,A2,SARS-2 KP3 DAPI,19.221247,0.14935072,109.23970404439734,4.70265712261368,1.193340242039586,85.41666666666666
P1-A7,P1,False,A2,SARS-2 KP3 DAPI,20.79798,0.23096551,80.74704169234903,4.403629621873035,1.0257336312974925,80.20833333333334
P1-A8,P1,False,A2,SARS-2 KP3 DAPI,18.767576,0.22569075,74.38748638497503,4.322641298176525,0.9803392163663089,78.64583333333334
P1-A9,P1,False,A2,SARS-2 KP3 DAPI,20.08101,0.18378301,95.44793296698,4.569003307986577,1.118426520636316,83.33333333333334
P1-A10,P1,False,A2,SARS-2 KP3 DAPI,14.557192,1.640214,8.733521934202717,2.2755757972200477,-0.1670526112501176,51.5625
P1-A11,P1,False,A2,SARS-2 KP3 DAPI,23.714754,0.0,891.3963851368494,6.793910411829476,2.3654995756813433,100.0
P1-A12,P1,False,A2,SARS-2 KP3 DAPI,7.5310783,0.16215684,39.897450684832016,3.711067730661928,0.63754876192086,68.22916666666666
P1-B3,P1,False,A2,SARS-2 KP3 DAPI,11.853204,0.07657433,114.88069496729838,4.752561170184671,1.221311743841156,85.9375
P1-B4,P1,False,A2,SARS-2 KP3 DAPI,13.430309,1.5096216,8.74240642968043,2.2764881538407953,-0.1665412301877977,52.083333333333336
P1-B5,P1,True,A2,SARS-2 KP3 DAPI,12.941354,0.1676091,66.63479790117199,4.214122612456142,0.9195138773231446,76.04166666666666
P1-B6,P1,False,A2,SARS-2 KP3 DAPI,12.595182,0.0706239,129.54281150636209,4.871701230483661,1.288090423597577,88.54166666666666
P1-B7,P1,False,A2,SARS-2 KP3 DAPI,10.562744,0.07188886,107.24369906422706,4.6843851579296185,1.1830987021654624,84.375
P1-B8,P1,False,A2,SARS-2 KP3 DAPI,11.059696,0.18391693,52.534887496723606,3.9803335441178525,0.7884737780825121,71.35416666666666
P1-B9,P1,False,A2,SARS-2 KP3 DAPI,8.524344,0.16178794,45.247911017872894,3.8340162957572397,0.7064621302237367,69.79166666666666
P1-B10,P1,False,A2,SARS-2 KP3 DAPI,14.770414,0.11083908,107.46564051619023,4.686433445557543,1.1842467790021782,84.89583333333334
P1-B11,P1,False,A2,SARS-2 KP3 DAPI,11.688618,0.20242406,51.035735307775106,3.951930700012852,0.7725538228139025,70.83333333333334
P1-B12,P1,False,A2,SARS-2 KP3 DAPI,27.894257,1.4192766,19.29222650569395,3.0102378819570452,0.24472965545948067,61.458333333333336
P1-B1,P1,False,A2,SARS-2 KP3 DAPI,15.838118,0.25484,56.27448155326076,4.047855176413139,0.8263200360780352,72.39583333333334
P1-B2,P1,False,A2,SARS-2 KP3 DAPI,25.624956,0.17813691,125.1579361550322,4.837534583572276,1.2689398241541967,87.5
P1-C2,P1,False,A2,SARS-2 KP3 DAPI,2.0944743,1.1025333,1.854933148744039,1.0490484273326142,-0.8545281609573234,25.0
P1-C3,P1,False,A2,SARS-2 KP3 DAPI,14.112297,2.0221145,6.888353209863796,2.065387394424573,-0.2848644035521192,45.83333333333333
P1-C4,P1,False,A2,SARS-2 KP3 DAPI,1.4216355,0.38199806,3.479266174127197,1.499459232592104,-0.6020703491367432,36.45833333333333
P1-C5,P1,False,A2,SARS-2 KP3 DAPI,1.2219764,0.16768922,6.289339821188865,1.9864129824121068,-0.3291300095581689,44.79166666666667
P1-C6,P1,False,A2,SARS-2 KP3 DAPI,1.5780532,0.2872675,5.027703848915265,1.7963661503130526,-0.43565233720863233,42.70833333333333
P1-C7,P1,False,A2,SARS-2 KP3 DAPI,0.0,1.8008008,0.0,0.0,-1.4425257564093985,1.8229166666666667
P1-C8,P1,False,A2,SARS-2 KP3 DAPI,9.681323,2.3359964,4.0977402675090495,1.6287973567370562,-0.52957559673443,39.58333333333333
P1-C9,P1,False,A2,SARS-2 KP3 DAPI,0.54308075,1.075572,0.49273503085101517,0.40061002849384103,-1.2179815625180719,11.458333333333332
P1-C10,P1,False,A2,SARS-2 KP3 DAPI,1.1559006,0.03624642,18.39128012885186,2.96482348712958,0.21927462949336873,60.9375
P1-C11,P1,False,A2,SARS-2 KP3 DAPI,0.99840945,1.7735949,0.5546106167876612,0.4412251070635699,-1.195216580544055,13.020833333333334
P1-C12,P1,False,A2,SARS-2 KP3 DAPI,0.0,2.1306472,0.0,0.0,-1.4425257564093985,1.8229166666666667
P1-C1,P1,False,A2,SARS-2 KP3 DAPI,8.110908,0.10320172,62.48495733279038,4.150802985438208,0.884022867126279,73.95833333333334
P1-D1,P1,False,A2,SARS-2 KP3 DAPI,0.8390032,2.1882253,0.37881166781540077,0.32122201792198374,-1.2624789928632734,7.8125
P1-D2,P1,False,A2,SARS-2 KP3 DAPI,1.0927693,2.4934227,0.43363400805170027,0.3602124850914411,-1.2406246147965827,10.416666666666668
P1-D3,P1,False,A2,SARS-2 KP3 DAPI,0.4738895,0.3006401,1.448122143665517,0.8953212586935525,-0.9406931111734532,18.75
P1-D4,P1,False,A2,SARS-2 KP3 DAPI,0.92325664,2.528542,0.3613322377403828,0.3084638068399475,-1.269630042560361,6.770833333333333
P1-D5,P1,False,A2,SARS-2 KP3 DAPI,7.2607446,2.0785017,3.4491115707607563,1.4927044292259748,-0.6058564547478392,35.9375
P1-D6,P1,True,A2,SARS-2 KP3 DAPI,1.194259,3.1752799,0.3729863476157529,0.3169881832664432,-1.2648520812089938,7.291666666666667
P1-D7,P1,False,A2,SARS-2 KP3 DAPI,6.829849,1.8867192,3.5696263033441946,1.5194314298655132,-0.5908758192497682,38.02083333333333
P1-D8,P1,False,A2,SARS-2 KP3 DAPI,3.8493483,2.0277534,1.8737480665791633,1.055617124308308,-0.8508463690339687,25.520833333333332
P1-D9,P1,False,A2,SARS-2 KP3 DAPI,0.94583255,0.20366514,4.107508043086442,1.6307116224683496,-0.528502639931169,40.10416666666667
P1-D10,P1,False,A2,SARS-2 KP3 DAPI,7.5207376,2.567139,2.899569253785567,1.3608660992885087,-0.6797525866821456,33.33333333333333
P1-D11,P1,False,A2,SARS-2 KP3 DAPI,10.934975,1.2386717,8.642365112901278,2.266166422192578,-0.1723266193385019,51.041666666666664
P1-D12,P1,False,A2,SARS-2 KP3 DAPI,5.1168256,3.325506,1.5264491689346538,0.9268148263844226,-0.9230407877992842,19.791666666666664
P1-E1,P1,False,A2,SARS-2 KP3 DAPI,0.815616,2.5364718,0.3182176602381861,0.276280566784023,-1.2876689312081016,5.729166666666666
P1-E2,P1,False,A2,SARS-2 KP3 DAPI,1.0843827,0.28316858,3.500576212946896,1.504205435900448,-0.5994100752541266,36.97916666666667
P1-E3,P1,False,A2,SARS-2 KP3 DAPI,6.188516,2.8963802,2.1171910180494473,1.1369322815669258,-0.8052687620368849,28.125
P1-E4,P1,False,A2,SARS-2 KP3 DAPI,0.5934338,2.4473026,0.2398771998935368,0.21501234236899722,-1.3220101186070994,4.6875
P1-E5,P1,False,A2,SARS-2 KP3 DAPI,8.028473,2.3459523,3.38389138786946,1.4779367746740044,-0.6141338089107012,35.41666666666667
P1-E6,P1,True,A2,SARS-2 KP3 DAPI,5.498585,2.4063382,2.2600557000479564,1.181744281136935,-0.780151382030356,29.166666666666668
P1-E7,P1,False,A2,SARS-2 KP3 DAPI,0.47789788,3.2306118,0.14671974533097032,0.1369054711786929,-1.3657894630602057,4.166666666666666
P1-E8,P1,False,A2,SARS-2 KP3 DAPI,0.9104345,0.04243616,13.187018115964595,2.6523273292702183,0.044118760019806726,57.8125
P1-E9,P1,False,A2,SARS-2 KP3 DAPI,4.816444,2.4686973,1.9302053437353366,1.0750725037593858,-0.8399415184686531,27.083333333333332
P1-E10,P1,False,A2,SARS-2 KP3 DAPI,1.2100469,2.3423553,0.5107925976019808,0.412634412189661,-1.211241827234437,12.5
P1-E11,P1,False,A2,SARS-2 KP3 DAPI,2.5000536,2.5174146,0.9827182674152174,0.684468765523486,-1.058877129898229,17.1875
P1-E12,P1,False,A2,SARS-2 KP3 DAPI,1.033447,2.403947,0.42519041103868194,0.35430542657555,-1.243935554609314,9.375
P1-F1,P1,False,A2,SARS-2 KP3 DAPI,1.0150421,1.5617726,0.6390437054082859,0.49411296530505705,-1.1655726359325784,15.104166666666666
P1-F2,P1,False,A2,SARS-2 KP3 DAPI,6.8686457,2.2575366,3.0071027806453166,1.3880684815983957,-0.6645054970606955,33.85416666666667
P1-F3,P1,False,A2,SARS-2 KP3 DAPI,6.7354836,2.413924,2.7598468290499674,1.324378219617235,-0.700204250257302,32.29166666666667
P1-F4,P1,False,A2,SARS-2 KP3 DAPI,4.6467643,2.4202235,1.8990975886306332,1.0643995122327623,-0.845923790774129,26.041666666666668
P1-F5,P1,False,A2,SARS-2 KP3 DAPI,1.6879677,0.13018674,10.76573247701603,2.465191279231203,-0.06077205777125035,55.208333333333336
P1-F6,P1,True,A2,SARS-2 KP3 DAPI,8.2946205,2.6235547,3.1298579754892044,1.41824301788024,-0.6475924982750061,34.375
P1-F7,P1,False,A2,SARS-2 KP3 DAPI,6.327822,2.530372,2.4747286936848707,1.2455164022090914,-0.7444067463488067,29.6875
P1-F8,P1,False,A2,SARS-2 KP3 DAPI,1.0726126,2.4814131,0.42767355079689146,0.35604623189855455,-1.2429598233490522,9.895833333333332
P1-F9,P1,False,A2,SARS-2 KP3 DAPI,4.96981,0.05468395,61.13829839582718,4.1293625201948485,0.8720053647117103,73.4375
P1-F10,P1,True,A2,SARS-2 KP3 DAPI,1.3116673,0.13361698,8.186611333106523,2.217747134212458,-0.19946590496538466,50.0
P1-F11,P1,False,A2,SARS-2 KP3 DAPI,4.9815254,2.5256321,1.9518277726769129,1.0824245624471094,-0.8358206478611865,27.604166666666668
P1-F12,P1,False,A2,SARS-2 KP3 DAPI,2.8771904,1.8676363,1.518915168288966,0.9238283200622184,-0.9247147415372671,19.270833333333336
P1-G1,P1,False,A2,SARS-2 KP3 DAPI,3.0293167,1.7669011,1.6890482304999237,0.9891873133474909,-0.8880806549769108,21.354166666666664
P1-G2,P1,False,A2,SARS-2 KP3 DAPI,0.9230336,1.4833462,0.6113006703366551,0.4770417226195521,-1.1751411643140361,14.583333333333334
P1-G3,P1,False,A2,SARS-2 KP3 DAPI,0.8309836,2.5731533,0.3196389078388412,0.2773581445078319,-1.2870649427801095,6.25
P1-G4,P1,False,A2,SARS-2 KP3 DAPI,6.593968,1.5174013,4.270689865161414,1.662161258191265,-0.5108749406742931,41.14583333333333
P1-G5,P1,False,A2,SARS-2 KP3 DAPI,8.081241,2.9404073,2.72369736637509,1.3147170903701242,-0.70561936801416,31.770833333333332
P1-G6,P1,False,A2,SARS-2 KP3 DAPI,1.6356295,2.685026,0.6031905052829755,0.4719957095374379,-1.1779694832758663,14.0625
P1-G7,P1,False,A2,SARS-2 KP3 DAPI,11.890882,1.0556564,10.987079866034096,2.483829391923556,-0.050325289861084484,56.25
P1-G8,P1,False,A2,SARS-2 KP3 DAPI,5.076849,2.0097048,2.493162567161656,1.250807505583861,-0.741441052887387,30.729166666666668
P1-G9,P1,False,A2,SARS-2 KP3 DAPI,9.933973,2.7215936,3.6147229075754432,1.5292518244567788,-0.5853714323638957,38.54166666666667
P1-G10,P1,False,A2,SARS-2 KP3 DAPI,1.0271978,2.4895265,0.4082450332316818,0.3423442718783764,-1.2506398496804685,8.854166666666668
P1-G11,P1,True,A2,SARS-2 KP3 DAPI,1.4018434,0.3162419,4.088843400366841,1.6270505749514264,-0.5305546778359016,39.0625
P1-G12,P1,False,A2,SARS-2 KP3 DAPI,5.969999,3.4748871,1.704987602210561,0.9950973290016425,-0.8847680576714068,21.875
P1-H1,P1,True,A2,SARS-2 KP3 DAPI,16.203642,1.7639903,9.049309241928524,2.307503899996507,-0.14915672849507633,52.604166666666664
P1-H2,P1,False,A2,SARS-2 KP3 DAPI,2.3769717,1.3247387,1.7589702538456657,1.014857513678538,-0.8736923620476627,23.958333333333336
P1-H3,P1,False,A2,SARS-2 KP3 DAPI,0.0,1.5363774,0.0,0.0,-1.4425257564093985,1.8229166666666667
P1-H4,P1,False,A2,SARS-2 KP3 DAPI,1.3023306,2.1544309,0.5971158784044245,0.4681994266533865,-1.180097321371152,13.541666666666666
P1-H5,P1,False,A2,SARS-2 KP3 DAPI,7.9811196,2.5015352,3.15691455682277,1.4247731060113367,-0.643932346828101,34.89583333333333
P1-H6,P1,False,A2,SARS-2 KP3 DAPI,1.1640023,2.895291,0.3983723850724892,0.3353089782073365,-1.2545831716988705,8.333333333333332
P1-H7,P1,False,A2,SARS-2 KP3 DAPI,7.158297,2.750112,2.5779722777199345,1.2747962370743804,-0.727995232783318,31.25
P1-H8,P1,False,A2,SARS-2 KP3 DAPI,6.124867,2.8082764,2.1605380219825494,1.1507422732272712,-0.7975281833582215,28.645833333333332
P1-H9,P1,True,A2,SARS-2 KP3 DAPI,3.6641126,2.0745242,1.743878604268921,1.0093724684582241,-0.8767667610138677,23.4375
P1-H10,P1,False,A2,SARS-2 KP3 DAPI,0.78566873,0.38057634,1.9295347941486083,1.0748436370950367,-0.8400697995325298,26.5625
P1-H11,P1,True,A2,SARS-2 KP3 DAPI,1.245445,2.7140162,0.45443910005408444,0.37462032805529033,-1.232548937070307,10.9375
P1-H12,P1,False,A2,SARS-2 KP3 DAPI,11.3533535,2.3547776,4.767548914303594,1.7522471920534048,-0.4603812636286308,42.1875
P2-A10,P2,False,A2,SARS-2 KP3 DAPI,10.3821125,6.4791007,1.59584747524855,0.9539130433594374,-0.9078520834390275,20.833333333333336
P2-A11,P2,False,A2,SARS-2 KP3 DAPI,0.0,2.656756,0.0,0.0,-1.4425257564093985,1.8229166666666667
P2-A12,P2,True,A2,SARS-2 KP3 DAPI,0.47560033,1.6488185,0.2838688843002621,0.24987808502272615,-1.3024676720337125,5.208333333333334
P2-A1,P2,False,A2,SARS-2 KP3 DAPI,6.264163,2.5032089,2.476136822684855,1.2459215687357437,-0.7441796482118456,30.208333333333332
P2-A2,P2,False,A2,SARS-2 KP3 DAPI,5.7629037,7.55568,0.7600485107122833,0.5653413715749169,-1.125648710093374,16.145833333333336
P2-A3,P2,False,A2,SARS-2 KP3 DAPI,0.53433114,0.2621568,1.8504279233143968,1.0474691315407638,-0.855413365209025,24.479166666666664
P2-A4,P2,False,A2,SARS-2 KP3 DAPI,8.184635,2.8642251,2.831241341260171,1.343188860669859,-0.6896607792223389,32.8125
P2-A5,P2,False,A2,SARS-2 KP3 DAPI,1.098191,2.1350098,0.508042174137624,0.41081223612946083,-1.2122631672545658,11.979166666666668
P2-A6,P2,False,A2,SARS-2 KP3 DAPI,0.0,2.5733755,0.0,0.0,-1.4425257564093985,1.8229166666666667
P2-A7,P2,False,A2,SARS-2 KP3 DAPI,1.2983533,0.14280853,7.663854124646471,2.1591596726047846,-0.23230450960115542,47.91666666666667
P2-A8,P2,False,A2,SARS-2 KP3 DAPI,4.496722,4.3461356,1.0283534717188112,0.7072243662605375,-1.0461224865778291,17.708333333333336
P2-A9,P2,False,A2,SARS-2 KP3 DAPI,1.4328736,0.23523223,5.4724028312654,1.8675474199801363,-0.3957548317027207,43.75
P2-B6,P2,False,A2,SARS-2 KP3 DAPI,3.1749668,0.307848,9.493040332687452,2.3507122119392294,-0.1249382245024018,53.125
P2-B7,P2,False,A2,SARS-2 KP3 DAPI,13.993593,0.84382087,16.076737554802545,2.8377171604437708,0.14803081222933961,59.375
P2-B8,P2,False,A2,SARS-2 KP3 DAPI,2.9357917,0.05709763,35.07446564991288,3.5855852923510056,0.567215143304327,67.1875
P2-B9,P2,False,A2,SARS-2 KP3 DAPI,10.725803,0.03594742,171.4716376769403,5.150232803688971,1.4442089506694245,91.14583333333334
P2-B10,P2,False,A2,SARS-2 KP3 DAPI,9.010819,0.1429165,53.15472961832651,3.9918453125382136,0.7949261895958533,71.875
P2-B11,P2,False,A2,SARS-2 KP3 DAPI,9.81299,0.0,368.85323851067784,5.913106274276946,1.8718038592099855,97.39583333333334
P2-B12,P2,False,A2,SARS-2 KP3 DAPI,8.169695,0.7187829,10.960340800170973,2.481596243114084,-0.051576982438895046,55.729166666666664
P2-B1,P2,False,A2,SARS-2 KP3 DAPI,1.2664939,1.6921325,0.7368749445632025,0.552087489597079,-1.1330775861398212,15.625
P2-B2,P2,False,A2,SARS-2 KP3 DAPI,0.0,1.8639002,0.0,0.0,-1.4425257564093985,1.8229166666666667
P2-B3,P2,False,A2,SARS-2 KP3 DAPI,2.7420561,2.2096894,1.2261611283617544,0.800278634942491,-0.9939650410243727,18.229166666666664
P2-B4,P2,False,A2,SARS-2 KP3 DAPI,3.7447991,2.1675632,1.706706314206449,0.9957325135040254,-0.8844120331540075,22.395833333333336
P2-B5,P2,True,A2,SARS-2 KP3 DAPI,3.4199536,3.6940744,0.9191747273941396,0.6518952641543,-1.0771347622262584,16.666666666666664
P2-C1,P2,False,A2,SARS-2 KP3 DAPI,14.725163,0.19458087,66.57399157230068,4.213223168962751,0.9190097341419723,75.52083333333334
P2-C2,P2,False,A2,SARS-2 KP3 DAPI,7.009888,0.0,263.48950629697356,5.577801576775881,1.68386367385961,95.3125
P2-C3,P2,False,A2,SARS-2 KP3 DAPI,0.969794,0.126585,6.330700529835521,1.9920710815687854,-0.32595861287878414,45.3125
P2-C4,P2,True,A2,SARS-2 KP3 DAPI,1.2195542,0.14015967,7.313066655025446,2.117828572684188,-0.25547082560478723,46.875
P2-C5,P2,False,A2,SARS-2 KP3 DAPI,7.0835953,0.07332598,70.88555162046883,4.275075293497041,0.953678200870662,77.60416666666666
P2-C6,P2,False,A2,SARS-2 KP3 DAPI,9.490124,0.0,356.71726673194496,5.879742916645773,1.8531035079657454,96.875
P2-C7,P2,False,A2,SARS-2 KP3 DAPI,21.942905,0.07261022,221.16682408689798,5.403428559518585,1.5861266083556695,93.75
P2-C8,P2,False,A2,SARS-2 KP3 DAPI,13.594503,0.08774001,118.8912043179156,4.786584700859831,1.2403821258221406,86.97916666666666
P2-C9,P2,False,A2,SARS-2 KP3 DAPI,14.500257,0.02660405,272.5197291389845,5.6113737550519085,1.7026810702600657,95.83333333333334
P2-C10,P2,False,A2,SARS-2 KP3 DAPI,0.7799953,0.19399676,3.53577713517915,1.5119964327623165,-0.5950431773096707,37.5
P2-C11,P2,False,A2,SARS-2 KP3 DAPI,4.028824,0.07686783,38.936414415201504,3.6872885496763326,0.6242203960637167,67.70833333333334
P2-C12,P2,True,A2,SARS-2 KP3 DAPI,8.620269,0.3236013,24.614898087650577,3.243174138763324,0.37529174899786816,63.541666666666664
P2-D1,P2,False,A2,SARS-2 KP3 DAPI,5.2025537,0.1353678,32.12011037720443,3.500140662156567,0.5193229432975374,65.625
P2-D2,P2,False,A2,SARS-2 KP3 DAPI,7.4455085,0.02983284,131.92627198274036,4.8897946285207725,1.2982318758529603,89.0625
P2-D3,P2,False,A2,SARS-2 KP3 DAPI,5.8540106,0.0,220.04208381806527,5.3983531079054385,1.583281788930172,93.22916666666666
P2-D4,P2,False,A2,SARS-2 KP3 DAPI,12.241148,0.07070823,125.79242825263164,4.842551326124203,1.2717517368177862,88.02083333333334
P2-D5,P2,False,A2,SARS-2 KP3 DAPI,1.9775208,0.071051,20.2500618247597,3.0563598047666503,0.2705812548738472,61.979166666666664
P2-D6,P2,True,A2,SARS-2 KP3 DAPI,10.014246,0.11582606,70.30989444577415,4.267035089822795,0.9491716210939569,77.08333333333334
P2-D7,P2,False,A2,SARS-2 KP3 DAPI,14.9117365,0.23710026,56.54718536833926,4.052605226384374,0.8289824660370266,72.91666666666666
P2-D8,P2,False,A2,SARS-2 KP3 DAPI,16.340408,1.1677208,13.68171147071084,2.6866026015891293,0.06333024462040729,58.333333333333336
P2-D9,P2,False,A2,SARS-2 KP3 DAPI,3.8286676,0.08377536,34.68642928966553,3.57477048457499,0.5611533821864512,66.66666666666666
P2-D10,P2,False,A2,SARS-2 KP3 DAPI,20.558762,0.08499625,184.2178022818935,5.221532442224657,1.4841728025977707,92.1875
P2-D11,P2,False,A2,SARS-2 KP3 DAPI,5.842863,0.16790359,30.039246787426965,3.43525242915162,0.48295272054523214,64.58333333333334
P2-D12,P2,False,A2,SARS-2 KP3 DAPI,15.5725765,0.05195277,198.233285155891,5.294476425347904,1.525058318996879,92.70833333333334
P2-E1,P2,False,A2,SARS-2 KP3 DAPI,3.1185744,0.2937644,9.73433682374154,2.373447652407239,-0.11219488112718237,54.166666666666664
P2-E2,P2,False,A2,SARS-2 KP3 DAPI,1.5919117,0.07050787,16.392546867573003,2.856041773512216,0.15830186182161846,59.895833333333336
P2-E3,P2,False,A2,SARS-2 KP3 DAPI,1.6118959,0.13735473,9.831104500777574,2.382422041110774,-0.1071646853413231,54.6875
P2-E4,P2,False,A2,SARS-2 KP3 DAPI,1.6910672,0.9510041,1.7298006363797191,1.0042285795631338,-0.8796499399241839,22.916666666666664
P2-E5,P2,False,A2,SARS-2 KP3 DAPI,1.1304978,0.11283784,8.107304053322858,2.2090767347992855,-0.20432571302926747,48.95833333333333
P2-E6,P2,False,A2,SARS-2 KP3 DAPI,11.422063,99.0,0.1153433777677848,0.10916231962505465,-1.3813396569109129,3.6458333333333335
P2-E7,P2,False,A2,SARS-2 KP3 DAPI,11.723996,0.452778,24.456476833039535,3.2369702030761687,0.37181440784626646,63.020833333333336
P2-E8,P2,False,A2,SARS-2 KP3 DAPI,0.88098764,0.13859688,5.33282494232932,1.8457464150125487,-0.4079744186782949,43.22916666666667
P2-E9,P2,False,A2,SARS-2 KP3 DAPI,1.4088099,0.29319966,4.40523313503774,1.6873675833779342,-0.4967466523953333,41.66666666666667
P2-E10,P2,False,A2,SARS-2 KP3 DAPI,17.664846,0.0,663.9908585346968,6.499773293997004,2.200634052305595,98.95833333333334
P2-E11,P2,False,A2,SARS-2 KP3 DAPI,11.521553,0.10801795,85.58447356301349,4.461120510383477,1.0579576004906943,81.77083333333334
P2-E12,P2,False,A2,SARS-2 KP3 DAPI,9.450704,0.1090261,69.6799642262432,4.2581621413144575,0.9441982831130417,76.5625
P2-F1,P2,False,A2,SARS-2 KP3 DAPI,5.8187184,0.0496887,76.26830072320108,4.347283790286583,0.9941514730068371,79.6875
P2-F2,P2,False,A2,SARS-2 KP3 DAPI,0.67911047,0.4037028,1.5782004632275783,0.9470916606977761,-0.9116755071230169,20.3125
P2-F3,P2,False,A2,SARS-2 KP3 DAPI,16.843193,0.0,633.106350348913,6.452216685399433,2.173978303367171,98.4375
P2-F4,P2,False,A2,SARS-2 KP3 DAPI,15.926282,0.08809239,138.8559400797444,4.940612893395531,1.3267158016402398,90.625
P2-F5,P2,False,A2,SARS-2 KP3 DAPI,11.783,0.04049889,175.59588298217633,5.173863975226407,1.4574543563911206,91.66666666666666
P2-F6,P2,True,A2,SARS-2 KP3 DAPI,12.014877,0.10907006,88.55688826703931,4.494874046453421,1.0768766489636008,82.29166666666666
P2-F7,P2,False,A2,SARS-2 KP3 DAPI,3.05444,0.09560092,24.994400800556637,3.257881161004773,0.38353511840667637,64.0625
P2-F8,P2,False,A2,SARS-2 KP3 DAPI,0.89966106,0.08301558,8.207116371401728,2.2199767036742655,-0.198216218632248,50.520833333333336
P2-F9,P2,False,A2,SARS-2 KP3 DAPI,9.304332,0.17668305,45.76941675098912,3.8452295010803725,0.7127471954271394,70.3125
P2-F10,P2,False,A2,SARS-2 KP3 DAPI,1.2836959,0.27471665,4.260231374744582,1.6601750133762196,-0.5119882421623811,40.625
P2-F11,P2,False,A2,SARS-2 KP3 DAPI,0.98835254,0.10105373,7.742203726243711,2.168162300475657,-0.22725848560178444,48.4375
P2-F12,P2,False,A2,SARS-2 KP3 DAPI,1.2119024,0.1318212,7.64967958074865,2.157522277569673,-0.23322227880833943,47.39583333333333
P2-G1,P2,False,A2,SARS-2 KP3 DAPI,7.003135,0.08470073,62.918546714705336,4.15760956519682,0.8878379936991228,74.47916666666666
P2-G2,P2,False,A2,SARS-2 KP3 DAPI,18.058409,0.02996451,319.2304877479646,5.769041010733182,1.7910544616180244,96.35416666666666
P2-G3,P2,False,A2,SARS-2 KP3 DAPI,1.2394171,0.10175224,9.65606827682539,2.366129521137246,-0.11629673522451861,53.645833333333336
P2-G4,P2,False,A2,SARS-2 KP3 DAPI,11.549179,0.05857258,135.59093615232254,4.916990591731137,1.3134753675327082,90.10416666666666
P2-G5,P2,True,A2,SARS-2 KP3 DAPI,4.3966618,0.22316112,17.603182221123948,2.9233326532426185,0.19601878169531495,60.416666666666664
P2-G6,P2,False,A2,SARS-2 KP3 DAPI,11.935328,0.06369799,132.17118904512014,4.891635436250344,1.2992636590294815,89.58333333333334
P2-G7,P2,False,A2,SARS-2 KP3 DAPI,2.5725005,0.05439542,31.759473240997746,3.4891921795209715,0.5131862566624429,65.10416666666666
P2-G8,P2,False,A2,SARS-2 KP3 DAPI,7.48504,0.07394566,74.44118933808959,4.323353403552065,0.9807383554695345,79.16666666666666
P2-G9,P2,False,A2,SARS-2 KP3 DAPI,1.157932,0.11490475,8.182756125414109,2.2173273910985247,-0.1997011733622193,49.47916666666667
P2-G10,P2,False,A2,SARS-2 KP3 DAPI,1.7905172,0.09110626,15.211218116747803,2.7857034789296815,0.11887684863334111,58.854166666666664
P2-G11,P2,False,A2,SARS-2 KP3 DAPI,6.863115,0.17929164,33.33297069015869,3.536106137083181,0.5394817960493711,66.14583333333334
P2-G12,P2,True,A2,SARS-2 KP3 DAPI,10.366837,0.13045512,66.00593266856052,4.204781162762834,0.9142779417699423,75.0
P2-H1,P2,False,A2,SARS-2 KP3 DAPI,5.6546464,0.11448166,40.07951195057245,3.7155095045266013,0.6400384013730733,68.75
P2-H2,P2,False,A2,SARS-2 KP3 DAPI,11.602671,0.1330736,72.66308716341956,4.299501821127269,0.967369408194939,78.125
P2-H3,P2,False,A2,SARS-2 KP3 DAPI,9.890654,0.0,371.7724932857967,5.920968295984633,1.8762105669834923,97.91666666666666
P2-H4,P2,False,A2,SARS-2 KP3 DAPI,7.7936163,1.0574808,7.189120205858425,2.102806469122608,-0.26389079988118963,46.35416666666667
P2-H5,P2,False,A2,SARS-2 KP3 DAPI,1.4505795,0.0889655,12.551571759170125,2.6065025375853046,0.018433704286647236,57.291666666666664
P2-H6,P2,False,A2,SARS-2 KP3 DAPI,5.4903665,0.03771948,85.35549121759954,4.45847239513127,1.0564733168673572,81.25
P2-H7,P2,False,A2,SARS-2 KP3 DAPI,9.369733,0.06172209,106.08108765989321,4.67358637605194,1.1770459236545299,83.85416666666666
P2-H8,P2,False,A2,SARS-2 KP3 DAPI,17.966024,0.387545,43.38057518180955,3.7928018778037336,0.6833612151246717,69.27083333333334
P2-H9,P2,False,A2,SARS-2 KP3 DAPI,1.7676768,0.13269547,11.096560742932558,2.492921176078677,-0.04522929325855068,56.770833333333336
P2-H10,P2,False,A2,SARS-2 KP3 DAPI,1.1934148,0.1882926,5.553436035415164,1.8799894976598241,-0.38878097657127897,44.27083333333333
P2-H11,P2,False,A2,SARS-2 KP3 DAPI,4.935199,0.19556126,22.214084638146254,3.1447591909355737,0.32012961236858267,62.5
P2-H12,P2,False,A2,SARS-2 KP3 DAPI,6.294379,0.0,236.59476658629043,5.470566561093935,1.6237578391560819,94.79166666666666
